time_wall_s,t_s,epsilon_x_mm,e_lat_raw_m,e_lat_raw_mm,e_lat_filtered_m,e_lat_filtered_mm,e_lat_used_m,e_lat_used_mm,theta_raw_rad,theta_filtered_rad,theta_used_rad,de_lat_mps,de_heading_rps,p_lat,d_lat,p_heading,d_heading,outer_kp_lat,outer_kd_lat,outer_kp_heading,outer_kd_heading,outer_gain_multiplier,v_target,v_ref,v_cmd_internal,cmd_v,odom_v,omega_target,omega_ref,omega_cmd_internal,cmd_omega,odom_omega,v_left_ref,v_left_measured,v_left_cmd,v_right_ref,v_right_measured,v_right_cmd,left_wheel_error,right_wheel_error,d_left_wheel_error,d_right_wheel_error,left_pd_correction,right_pd_correction,fps,confidence,lookahead_m,curvature,speed_factor,front_min_m,lidar_ratio,lidar_stop,raw_valid,cmd_published,emergency_stop,odom_x,odom_y,odom_yaw,lane_state,controller_mode,outer_mode,mix_mode,lidar_mode,intent_hint,trajectory_hint,planner_status_hint,controller_mode_code,outer_mode_code,mix_mode_code,lidar_mode_code,intent_hint_code,trajectory_hint_code,planner_status_hint_code,control_error_age_s,cascade_state_age_s,cascade_ref_age_s,cmd_vel_age_s,odom_age_local_s,scan_age_s,controller_error_age_s,controller_odom_age_s
1784806109.6985154,0.4678354263305664,-2.0,-0.002,-2.0,nan,nan,nan,nan,-0.015,nan,nan,nan,nan,nan,nan,nan,nan,nan,nan,nan,nan,nan,nan,nan,nan,nan,nan,nan,nan,nan,nan,nan,nan,nan,nan,nan,nan,nan,nan,nan,nan,nan,nan,nan,nan,nan,nan,nan,nan,nan,nan,0,0,0,0,nan,nan,nan,FOLLOW_MAIN,,,,,,,,0,0,0,0,0,0,0,9.799003601074219e-05,nan,nan,nan,nan,nan,nan,nan
1784806112.219382,2.9887020587921143,-2.0,-0.002,-2.0,nan,nan,nan,nan,-0.015,nan,nan,nan,nan,nan,nan,nan,nan,nan,nan,nan,nan,nan,nan,nan,nan,0.44216471275830327,nan,nan,nan,nan,-0.20817158660223156,nan,nan,nan,nan,nan,nan,nan,nan,nan,nan,nan,nan,nan,nan,nan,nan,nan,nan,nan,nan,0,0,0,0,nan,nan,nan,FOLLOW_MAIN,,,,,,,,0,0,0,0,0,0,0,2.520983934402466,nan,nan,0.00013303756713867188,nan,nan,nan,nan
1784806112.6271806,3.396500587463379,-2.0,-0.002,-2.0,nan,nan,nan,nan,-0.015,nan,nan,nan,nan,nan,nan,nan,nan,nan,nan,nan,nan,nan,nan,nan,nan,0.44216471275830327,0.47849997878074646,nan,nan,nan,-0.20817158660223156,-0.18913039565086365,nan,nan,nan,nan,nan,nan,nan,nan,nan,nan,nan,nan,nan,nan,nan,nan,nan,nan,nan,0,0,0,0,1.6391551494598389,0.5419213175773621,-0.3089392929523635,FOLLOW_MAIN,,,,,,,,0,0,0,0,0,0,0,2.928766965866089,nan,nan,0.4079153537750244,0.0001232624053955078,nan,nan,nan
1784806113.0231464,3.792466402053833,-2.0,-0.002,-2.0,nan,nan,nan,nan,-0.015,nan,nan,nan,nan,nan,nan,nan,nan,nan,nan,nan,nan,nan,nan,nan,nan,0.44216471275830327,0.47849997878074646,nan,nan,nan,-0.20817158660223156,-0.18913039565086365,nan,nan,nan,nan,nan,nan,nan,nan,nan,nan,nan,nan,nan,nan,nan,nan,nan,1.034999966621399,nan,0,0,0,0,1.6391551494598389,0.5419213175773621,-0.3089392929523635,FOLLOW_MAIN,,,,,,,,0,0,0,0,0,0,0,3.3247365951538086,nan,nan,0.8038854598999023,0.39609336853027344,0.00012421607971191406,nan,nan
1784806113.4125094,4.181829452514648,77.60000000000001,0.0776,77.60000000000001,nan,nan,nan,nan,0.13,nan,nan,nan,nan,nan,nan,nan,nan,nan,nan,nan,nan,nan,nan,nan,nan,0.44216471275830327,0.47849997878074646,nan,nan,nan,-0.20817158660223156,-0.18913039565086365,nan,nan,nan,nan,nan,nan,nan,nan,nan,nan,nan,nan,nan,nan,nan,nan,nan,1.034999966621399,nan,0,0,0,0,1.6391551494598389,0.5419213175773621,-0.3089392929523635,FOLLOW_MAIN,,,,,,,,0,0,0,0,0,0,0,0.00013136863708496094,nan,nan,1.1932644844055176,0.7854723930358887,0.38950347900390625,nan,nan
1784806113.7940245,4.563344478607178,77.60000000000001,0.0776,77.60000000000001,nan,nan,nan,nan,0.13,nan,nan,nan,nan,nan,nan,nan,nan,nan,nan,nan,nan,nan,nan,nan,nan,0.33333680781446473,0.47849997878074646,nan,nan,nan,-0.31785536521683294,-0.18913039565086365,nan,nan,nan,nan,nan,nan,nan,nan,nan,nan,nan,nan,nan,nan,nan,nan,nan,1.034999966621399,nan,0,0,0,0,1.6391551494598389,0.5419213175773621,-0.3089392929523635,FOLLOW_MAIN,,,,,,,,0,0,0,0,0,0,0,0.3816344738006592,nan,nan,0.00012683868408203125,1.166975736618042,0.7710063457489014,nan,nan
1784806114.1473014,4.916621446609497,77.60000000000001,0.0776,77.60000000000001,nan,nan,nan,nan,0.13,nan,nan,nan,nan,nan,nan,nan,nan,nan,nan,nan,nan,nan,nan,nan,nan,0.33333680781446473,0.32625001668930054,nan,nan,nan,-0.31785536521683294,-0.5673911571502686,nan,nan,nan,nan,nan,nan,nan,nan,nan,nan,nan,nan,nan,nan,nan,nan,nan,1.034999966621399,nan,0,0,0,0,2.1223599910736084,0.2968559265136719,-0.8772452414940894,FOLLOW_MAIN,,,,,,,,0,0,0,0,0,0,0,0.7348926067352295,nan,nan,0.35338497161865234,0.00010037422180175781,1.1242640018463135,nan,nan
1784806114.5151744,5.284494400024414,77.60000000000001,0.0776,77.60000000000001,nan,nan,nan,nan,0.13,nan,nan,nan,nan,nan,nan,nan,nan,nan,nan,nan,nan,nan,nan,nan,nan,0.33333680781446473,0.32625001668930054,nan,nan,nan,-0.31785536521683294,-0.5673911571502686,nan,nan,nan,nan,nan,nan,nan,nan,nan,nan,nan,nan,nan,nan,nan,nan,nan,0.9670000076293945,nan,0,0,0,0,2.1223599910736084,0.2968559265136719,-0.8772452414940894,FOLLOW_MAIN,,,,,,,,0,0,0,0,0,0,0,1.102818250656128,nan,nan,0.7213103771209717,0.3680264949798584,0.00016760826110839844,nan,nan
1784806114.868277,5.63759708404541,108.0,0.108,108.0,nan,nan,nan,nan,0.183,nan,nan,nan,nan,nan,nan,nan,nan,nan,nan,nan,nan,nan,nan,nan,nan,0.33333680781446473,0.32625001668930054,nan,nan,nan,-0.31785536521683294,-0.5673911571502686,nan,nan,nan,nan,nan,nan,nan,nan,nan,nan,nan,nan,nan,nan,nan,nan,nan,0.9670000076293945,nan,0,0,0,0,2.1223599910736084,0.2968559265136719,-0.8772452414940894,FOLLOW_MAIN,,,,,,,,0,0,0,0,0,0,0,0.00011229515075683594,nan,nan,1.0743772983551025,0.7210934162139893,0.35323476791381836,nan,nan
1784806115.205468,5.974787950515747,108.0,0.108,108.0,nan,nan,nan,nan,0.183,nan,nan,nan,nan,nan,nan,nan,nan,nan,nan,nan,nan,nan,nan,nan,nan,0.36805200704118857,0.32625001668930054,nan,nan,nan,-0.2843693622394394,-0.5673911571502686,nan,nan,nan,nan,nan,nan,nan,nan,nan,nan,nan,nan,nan,nan,nan,nan,nan,0.9670000076293945,nan,0,0,0,0,2.1223599910736084,0.2968559265136719,-0.8772452414940894,FOLLOW_MAIN,,,,,,,,0,0,0,0,0,0,0,0.337291955947876,nan,nan,0.00010275840759277344,1.058272123336792,0.6904134750366211,nan,nan
1784806115.5720224,6.341342449188232,108.0,0.108,108.0,nan,nan,nan,nan,0.183,nan,nan,nan,nan,nan,nan,nan,nan,nan,nan,nan,nan,nan,nan,nan,nan,0.36805200704118857,0.40962499380111694,nan,nan,nan,-0.2843693622394394,-0.4728260040283203,nan,nan,nan,nan,nan,nan,nan,nan,nan,nan,nan,nan,nan,nan,nan,nan,nan,0.9670000076293945,nan,0,0,0,0,2.351999044418335,-0.12754054367542267,-1.4296001467059538,FOLLOW_MAIN,,,,,,,,0,0,0,0,0,0,0,0.703895092010498,nan,nan,0.36670756340026855,0.00018453598022460938,1.0570189952850342,nan,nan
1784806115.9475336,6.716853618621826,108.0,0.108,108.0,nan,nan,nan,nan,0.183,nan,nan,nan,nan,nan,nan,nan,nan,nan,nan,nan,nan,nan,nan,nan,nan,0.36805200704118857,0.40962499380111694,nan,nan,nan,-0.2843693622394394,-0.4728260040283203,nan,nan,nan,nan,nan,nan,nan,nan,nan,nan,nan,nan,nan,nan,nan,nan,nan,1.6390000581741333,nan,0,0,0,0,2.351999044418335,-0.12754054367542267,-1.4296001467059538,FOLLOW_MAIN,,,,,,,,0,0,0,0,0,0,0,1.0793571472167969,nan,nan,0.7421684265136719,0.3756446838378906,0.00011730194091796875,nan,nan
1784806116.3242822,7.093602180480957,108.0,0.108,108.0,nan,nan,nan,nan,0.183,nan,nan,nan,nan,nan,nan,nan,nan,nan,nan,nan,nan,nan,nan,nan,nan,0.36805200704118857,0.40962499380111694,nan,nan,nan,-0.2843693622394394,-0.4728260040283203,nan,nan,nan,nan,nan,nan,nan,nan,nan,nan,nan,nan,nan,nan,nan,nan,nan,1.6390000581741333,nan,0,0,0,0,2.351999044418335,-0.12754054367542267,-1.4296001467059538,FOLLOW_MAIN,,,,,,,,0,0,0,0,0,0,0,0.00026679039001464844,nan,nan,1.119041919708252,0.752518892288208,0.37699222564697266,nan,nan
1784806116.694629,7.463948965072632,108.0,0.108,108.0,nan,nan,nan,nan,0.183,nan,nan,nan,nan,nan,nan,nan,nan,nan,nan,nan,nan,nan,nan,nan,nan,0.3885381490900495,0.40962499380111694,nan,nan,nan,-0.18306484452779306,-0.4728260040283203,nan,nan,nan,nan,nan,nan,nan,nan,nan,nan,nan,nan,nan,nan,nan,nan,nan,1.6390000581741333,nan,0,0,0,0,2.351999044418335,-0.12754054367542267,-1.4296001467059538,FOLLOW_MAIN,,,,,,,,0,0,0,0,0,0,0,0.3705179691314697,nan,nan,0.00013303756713867188,1.1227691173553467,0.747241735458374,nan,nan
1784806117.0542896,7.8236095905303955,108.0,0.108,108.0,nan,nan,nan,nan,0.183,nan,nan,nan,nan,nan,nan,nan,nan,nan,nan,nan,nan,nan,nan,nan,nan,0.3885381490900495,0.3878750205039978,nan,nan,nan,-0.18306484452779306,-0.15760861337184906,nan,nan,nan,nan,nan,nan,nan,nan,nan,nan,nan,nan,nan,nan,nan,nan,nan,1.6390000581741333,nan,0,0,0,0,2.3417508602142334,-0.6784986853599548,-1.7600105463806839,FOLLOW_MAIN,,,,,,,,0,0,0,0,0,0,0,0.7301506996154785,nan,nan,0.35976529121398926,0.00012755393981933594,1.1068730354309082,nan,nan
1784806117.401712,8.171031951904297,108.0,0.108,108.0,nan,nan,nan,nan,0.183,nan,nan,nan,nan,nan,nan,nan,nan,nan,nan,nan,nan,nan,nan,nan,nan,0.3885381490900495,0.3878750205039978,nan,nan,nan,-0.18306484452779306,-0.15760861337184906,nan,nan,nan,nan,nan,nan,nan,nan,nan,nan,nan,nan,nan,nan,nan,nan,nan,2.63700008392334,nan,0,0,0,0,2.3417508602142334,-0.6784986853599548,-1.7600105463806839,FOLLOW_MAIN,,,,,,,,0,0,0,0,0,0,0,1.0775792598724365,nan,nan,0.7071938514709473,0.34755611419677734,0.00011324882507324219,nan,nan
1784806117.7801573,8.549477338790894,20.5,0.0205,20.5,nan,nan,nan,nan,0.145,nan,nan,nan,nan,nan,nan,nan,nan,nan,nan,nan,nan,nan,nan,nan,nan,0.3885381490900495,0.3878750205039978,nan,nan,nan,-0.18306484452779306,-0.15760861337184906,nan,nan,nan,nan,nan,nan,nan,nan,nan,nan,nan,nan,nan,nan,nan,nan,nan,2.63700008392334,nan,0,0,0,0,2.3417508602142334,-0.6784986853599548,-1.7600105463806839,FOLLOW_MAIN,,,,,,,,0,0,0,0,0,0,0,8.7738037109375e-05,nan,nan,1.0856280326843262,0.7259902954101562,0.37854743003845215,nan,nan
1784806118.1288738,8.898193836212158,20.5,0.0205,20.5,nan,nan,nan,nan,0.145,nan,nan,nan,nan,nan,nan,nan,nan,nan,nan,nan,nan,nan,nan,nan,nan,0.4083176503947849,0.3878750205039978,nan,nan,nan,0.37414405725494077,-0.15760861337184906,nan,nan,nan,nan,nan,nan,nan,nan,nan,nan,nan,nan,nan,nan,nan,nan,nan,2.63700008392334,nan,0,0,0,0,2.3417508602142334,-0.6784986853599548,-1.7600105463806839,FOLLOW_MAIN,,,,,,,,0,0,0,0,0,0,0,0.34880971908569336,nan,nan,0.00010204315185546875,1.0747125148773193,0.7272698879241943,nan,nan
1784806118.4559987,9.225318670272827,20.5,0.0205,20.5,nan,nan,nan,nan,0.145,nan,nan,nan,nan,nan,nan,nan,nan,nan,nan,nan,nan,nan,nan,nan,nan,0.4083176503947849,0.3479999899864197,nan,nan,nan,0.37414405725494077,0.06304357200860977,nan,nan,nan,nan,nan,nan,nan,nan,nan,nan,nan,nan,nan,nan,nan,nan,nan,2.63700008392334,nan,0,0,0,0,2.186380624771118,-1.2552891969680786,-1.8259232005046484,FOLLOW_MAIN,,,,,,,,0,0,0,0,0,0,0,0.6759247779846191,nan,nan,0.32721686363220215,9.036064147949219e-05,1.0543842315673828,nan,nan
1784806118.8138883,9.583208322525024,0.30000000000000004,0.00030000000000000003,0.30000000000000004,nan,nan,nan,nan,0.002,nan,nan,nan,nan,nan,nan,nan,nan,nan,nan,nan,nan,nan,nan,nan,nan,0.33665691948799903,0.3479999899864197,nan,nan,nan,0.579270919862758,0.06304357200860977,nan,nan,nan,nan,nan,nan,nan,nan,nan,nan,nan,nan,nan,nan,nan,nan,nan,2.0490000247955322,nan,0,0,0,0,2.186380624771118,-1.2552891969680786,-1.8259232005046484,FOLLOW_MAIN,,,,,,,,0,0,0,0,0,0,0,0.3507068157196045,nan,nan,0.00010323524475097656,0.35799264907836914,0.3544046878814697,nan,nan
1784806119.1537173,9.92303729057312,0.30000000000000004,0.00030000000000000003,0.30000000000000004,nan,nan,nan,nan,0.002,nan,nan,nan,nan,nan,nan,nan,nan,nan,nan,nan,nan,nan,nan,nan,nan,0.33665691948799903,0.3153750002384186,nan,nan,nan,0.579270919862758,0.6619564890861511,nan,nan,nan,nan,nan,nan,nan,nan,nan,nan,nan,nan,nan,nan,nan,nan,nan,2.0490000247955322,nan,0,0,0,0,2.134976625442505,-1.5171570777893066,-1.6038839972486374,FOLLOW_MAIN,,,,,,,,0,0,0,0,0,0,0,0.690568208694458,nan,nan,0.3399643898010254,0.0001556873321533203,0.6942660808563232,nan,nan
1784806119.497874,10.267194032669067,0.30000000000000004,0.00030000000000000003,0.30000000000000004,nan,nan,nan,nan,0.002,nan,nan,nan,nan,nan,nan,nan,nan,nan,nan,nan,nan,nan,nan,nan,nan,0.33665691948799903,0.3153750002384186,nan,nan,nan,0.579270919862758,0.6619564890861511,nan,nan,nan,nan,nan,nan,nan,nan,nan,nan,nan,nan,nan,nan,nan,nan,nan,1.715000033378601,nan,0,0,0,0,2.134976625442505,-1.5171570777893066,-1.6038839972486374,FOLLOW_MAIN,,,,,,,,0,0,0,0,0,0,0,1.0347092151641846,nan,nan,0.684105634689331,0.3442964553833008,0.00012087821960449219,nan,nan
1784806119.8575563,10.62687635421753,-61.400000000000006,-0.0614,-61.400000000000006,nan,nan,nan,nan,-0.41300000000000003,nan,nan,nan,nan,nan,nan,nan,nan,nan,nan,nan,nan,nan,nan,nan,nan,0.33665691948799903,0.3153750002384186,nan,nan,nan,0.579270919862758,0.6619564890861511,nan,nan,nan,nan,nan,nan,nan,nan,nan,nan,nan,nan,nan,nan,nan,nan,nan,1.715000033378601,nan,0,0,0,0,2.134976625442505,-1.5171570777893066,-1.6038839972486374,FOLLOW_MAIN,,,,,,,,0,0,0,0,0,0,0,9.965896606445312e-05,nan,nan,1.043757438659668,0.7039484977722168,0.3597729206085205,nan,nan
1784806120.2017922,10.971112251281738,-61.400000000000006,-0.0614,-61.400000000000006,nan,nan,nan,nan,-0.41300000000000003,nan,nan,nan,nan,nan,nan,nan,nan,nan,nan,nan,nan,nan,nan,nan,nan,0.44491083072907045,0.3153750002384186,nan,nan,nan,-0.0701125297144245,0.6619564890861511,nan,nan,nan,nan,nan,nan,nan,nan,nan,nan,nan,nan,nan,nan,nan,nan,nan,1.715000033378601,nan,0,0,0,0,2.134976625442505,-1.5171570777893066,-1.6038839972486374,FOLLOW_MAIN,,,,,,,,0,0,0,0,0,0,0,0.344343900680542,nan,nan,9.560585021972656e-05,1.0481927394866943,0.704017162322998,nan,nan
1784806120.5645127,11.333832740783691,-61.400000000000006,-0.0614,-61.400000000000006,nan,nan,nan,nan,-0.41300000000000003,nan,nan,nan,nan,nan,nan,nan,nan,nan,nan,nan,nan,nan,nan,nan,nan,0.44491083072907045,0.43137499690055847,nan,nan,nan,-0.0701125297144245,0.15760867297649384,nan,nan,nan,nan,nan,nan,nan,nan,nan,nan,nan,nan,nan,nan,nan,nan,nan,1.715000033378601,nan,0,0,0,0,2.300884962081909,-1.9867368936538696,-0.9740484475450717,FOLLOW_MAIN,,,,,,,,0,0,0,0,0,0,0,0.7070600986480713,nan,nan,0.3628120422363281,9.918212890625e-05,1.0667331218719482,nan,nan
1784806120.9008543,11.670174360275269,-61.400000000000006,-0.0614,-61.400000000000006,nan,nan,nan,nan,-0.41300000000000003,nan,nan,nan,nan,nan,nan,nan,nan,nan,nan,nan,nan,nan,nan,nan,nan,0.44491083072907045,0.43137499690055847,nan,nan,nan,-0.0701125297144245,0.15760867297649384,nan,nan,nan,nan,nan,nan,nan,nan,nan,nan,nan,nan,nan,nan,nan,nan,nan,1.246999979019165,nan,0,0,0,0,2.300884962081909,-1.9867368936538696,-0.9740484475450717,FOLLOW_MAIN,,,,,,,,0,0,0,0,0,0,0,1.0434026718139648,nan,nan,0.6991543769836426,0.3364417552947998,9.870529174804688e-05,nan,nan
1784806121.239779,12.009099006652832,46.7,0.046700000000000005,46.7,nan,nan,nan,nan,0.322,nan,nan,nan,nan,nan,nan,nan,nan,nan,nan,nan,nan,nan,nan,nan,nan,0.44491083072907045,0.43137499690055847,nan,nan,nan,-0.0701125297144245,0.15760867297649384,nan,nan,nan,nan,nan,nan,nan,nan,nan,nan,nan,nan,nan,nan,nan,nan,nan,1.246999979019165,nan,0,0,0,0,2.300884962081909,-1.9867368936538696,-0.9740484475450717,FOLLOW_MAIN,,,,,,,,0,0,0,0,0,0,0,8.058547973632812e-05,nan,nan,1.0380733013153076,0.6753604412078857,0.3390176296234131,nan,nan
1784806121.6016626,12.370982646942139,46.7,0.046700000000000005,46.7,nan,nan,nan,nan,0.322,nan,nan,nan,nan,nan,nan,nan,nan,nan,nan,nan,nan,nan,nan,nan,nan,0.40930620087724956,0.43137499690055847,nan,nan,nan,-0.1697571276774279,0.15760867297649384,nan,nan,nan,nan,nan,nan,nan,nan,nan,nan,nan,nan,nan,nan,nan,nan,nan,1.246999979019165,nan,0,0,0,0,2.300884962081909,-1.9867368936538696,-0.9740484475450717,FOLLOW_MAIN,,,,,,,,0,0,0,0,0,0,0,0.3619711399078369,nan,nan,9.584426879882812e-05,1.0372509956359863,0.7009081840515137,nan,nan
1784806121.9498992,12.719219207763672,46.7,0.046700000000000005,46.7,nan,nan,nan,nan,0.322,nan,nan,nan,nan,nan,nan,nan,nan,nan,nan,nan,nan,nan,nan,nan,nan,0.40930620087724956,0.3987500071525574,nan,nan,nan,-0.1697571276774279,-0.25217384099960327,nan,nan,nan,nan,nan,nan,nan,nan,nan,nan,nan,nan,nan,nan,nan,nan,nan,1.246999979019165,nan,0,0,0,0,2.6309280395507812,-2.4658939838409424,-1.1009863078998356,FOLLOW_MAIN,,,,,,,,0,0,0,0,0,0,0,0.7102046012878418,nan,nan,0.3483295440673828,9.822845458984375e-05,1.0491414070129395,nan,nan
1784806122.2813957,13.050715684890747,46.7,0.046700000000000005,46.7,nan,nan,nan,nan,0.322,nan,nan,nan,nan,nan,nan,nan,nan,nan,nan,nan,nan,nan,nan,nan,nan,0.40930620087724956,0.3987500071525574,nan,nan,nan,-0.1697571276774279,-0.25217384099960327,nan,nan,nan,nan,nan,nan,nan,nan,nan,nan,nan,nan,nan,nan,nan,nan,nan,1.659999966621399,nan,0,0,0,0,2.6309280395507812,-2.4658939838409424,-1.1009863078998356,FOLLOW_MAIN,,,,,,,,0,0,0,0,0,0,0,1.0417354106903076,nan,nan,0.6798603534698486,0.33162879943847656,0.0001270771026611328,nan,nan
1784806122.64129,13.41060996055603,62.800000000000004,0.06280000000000001,62.80000000000001,nan,nan,nan,nan,0.105,nan,nan,nan,nan,nan,nan,nan,nan,nan,nan,nan,nan,nan,nan,nan,nan,0.37293628412858126,0.3987500071525574,nan,nan,nan,-0.28908341947480193,-0.25217384099960327,nan,nan,nan,nan,nan,nan,nan,nan,nan,nan,nan,nan,nan,nan,nan,nan,nan,1.659999966621399,nan,0,0,0,0,2.6309280395507812,-2.4658939838409424,-1.1009863078998356,FOLLOW_MAIN,,,,,,,,0,0,0,0,0,0,0,0.35614800453186035,nan,nan,0.00010418891906738281,0.6914989948272705,0.3599972724914551,nan,nan
1784806122.9847834,13.754103422164917,62.800000000000004,0.06280000000000001,62.80000000000001,nan,nan,nan,nan,0.105,nan,nan,nan,nan,nan,nan,nan,nan,nan,nan,nan,nan,nan,nan,nan,nan,0.37293628412858126,0.3226250112056732,nan,nan,nan,-0.28908341947480193,-0.09456522762775421,nan,nan,nan,nan,nan,nan,nan,nan,nan,nan,nan,nan,nan,nan,nan,nan,nan,1.659999966621399,nan,0,0,0,0,2.7892565727233887,-2.859548330307007,-1.2561987087475708,FOLLOW_MAIN,,,,,,,,0,0,0,0,0,0,0,0.699629545211792,nan,nan,0.3435854911804199,9.369850158691406e-05,0.7034785747528076,nan,nan
1784806123.3320138,14.101333856582642,62.800000000000004,0.06280000000000001,62.80000000000001,nan,nan,nan,nan,0.105,nan,nan,nan,nan,nan,nan,nan,nan,nan,nan,nan,nan,nan,nan,nan,nan,0.37293628412858126,0.3226250112056732,nan,nan,nan,-0.28908341947480193,-0.09456522762775421,nan,nan,nan,nan,nan,nan,nan,nan,nan,nan,nan,nan,nan,nan,nan,nan,nan,1.2589999437332153,nan,0,0,0,0,2.7892565727233887,-2.859548330307007,-1.2561987087475708,FOLLOW_MAIN,,,,,,,,0,0,0,0,0,0,0,1.046858549118042,nan,nan,0.690814733505249,0.3473224639892578,9.059906005859375e-05,nan,nan
1784806123.6948636,14.464183568954468,38.1,0.0381,38.1,nan,nan,nan,nan,0.266,nan,nan,nan,nan,nan,nan,nan,nan,nan,nan,nan,nan,nan,nan,nan,nan,0.37293628412858126,0.3226250112056732,nan,nan,nan,-0.28908341947480193,-0.09456522762775421,nan,nan,nan,nan,nan,nan,nan,nan,nan,nan,nan,nan,nan,nan,nan,nan,nan,1.2589999437332153,nan,0,0,0,0,2.7892565727233887,-2.859548330307007,-1.2561987087475708,FOLLOW_MAIN,,,,,,,,0,0,0,0,0,0,0,8.869171142578125e-05,nan,nan,1.05367112159729,0.7101795673370361,0.3629477024078369,nan,nan
1784806124.0471156,14.81643557548523,38.1,0.0381,38.1,nan,nan,nan,nan,0.266,nan,nan,nan,nan,nan,nan,nan,nan,nan,nan,nan,nan,nan,nan,nan,nan,0.3024937502207707,0.3226250112056732,nan,nan,nan,-0.28695498880198844,-0.09456522762775421,nan,nan,nan,nan,nan,nan,nan,nan,nan,nan,nan,nan,nan,nan,nan,nan,nan,1.2589999437332153,nan,0,0,0,0,2.7892565727233887,-2.859548330307007,-1.2561987087475708,FOLLOW_MAIN,,,,,,,,0,0,0,0,0,0,0,0.3523404598236084,nan,nan,0.00012350082397460938,1.0624308586120605,0.7151992321014404,nan,nan
1784806124.3823278,15.151647806167603,38.1,0.0381,38.1,nan,nan,nan,nan,0.266,nan,nan,nan,nan,nan,nan,nan,nan,nan,nan,nan,nan,nan,nan,nan,nan,0.3024937502207707,0.3044999837875366,nan,nan,nan,-0.28695498880198844,-0.3152172863483429,nan,nan,nan,nan,nan,nan,nan,nan,nan,nan,nan,nan,nan,nan,nan,nan,nan,1.2589999437332153,nan,0,0,0,0,2.813141107559204,-3.2836873531341553,-1.8938209976870386,FOLLOW_MAIN,,,,,,,,0,0,0,0,0,0,0,0.6875636577606201,nan,nan,0.3353464603424072,0.00011897087097167969,1.0504226684570312,nan,nan
1784806124.7426984,15.51201844215393,38.1,0.0381,38.1,nan,nan,nan,nan,0.266,nan,nan,nan,nan,nan,nan,nan,nan,nan,nan,nan,nan,nan,nan,nan,nan,0.3024937502207707,0.3044999837875366,nan,nan,nan,-0.28695498880198844,-0.3152172863483429,nan,nan,nan,nan,nan,nan,nan,nan,nan,nan,nan,nan,nan,nan,nan,nan,nan,2.621999979019165,nan,0,0,0,0,2.813141107559204,-3.2836873531341553,-1.8938209976870386,FOLLOW_MAIN,,,,,,,,0,0,0,0,0,0,0,1.0479176044464111,nan,nan,0.6957004070281982,0.3604726791381836,9.059906005859375e-05,nan,nan
1784806127.0281813,17.7975013256073,162.60000000000002,0.16260000000000002,162.60000000000002,nan,nan,nan,nan,0.86,nan,nan,nan,nan,nan,nan,nan,nan,nan,nan,nan,nan,nan,nan,nan,nan,0.3024937502207707,0.3044999837875366,nan,nan,nan,-0.28695498880198844,-0.3152172863483429,nan,nan,nan,nan,nan,nan,nan,nan,nan,nan,nan,nan,nan,nan,nan,nan,nan,2.621999979019165,nan,0,0,0,0,2.813141107559204,-3.2836873531341553,-1.8938209976870386,FOLLOW_MAIN,,,,,,,,0,0,0,0,0,0,0,9.274482727050781e-05,nan,nan,2.981187343597412,2.6459598541259766,2.2855780124664307,nan,nan
1784806127.4108644,18.180184364318848,162.60000000000002,0.16260000000000002,162.60000000000002,nan,nan,nan,nan,0.86,nan,nan,nan,nan,nan,nan,nan,nan,nan,nan,nan,nan,nan,nan,nan,nan,0.395377644240844,0.3044999837875366,nan,nan,nan,0.13760536750042146,-0.3152172863483429,nan,nan,nan,nan,nan,nan,nan,nan,nan,nan,nan,nan,nan,nan,nan,nan,nan,2.621999979019165,nan,0,0,0,0,2.813141107559204,-3.2836873531341553,-1.8938209976870386,FOLLOW_MAIN,,,,,,,,0,0,0,0,0,0,0,0.38277435302734375,nan,nan,0.00011730194091796875,3.02864146232605,2.668259859085083,nan,nan
1784806127.7868912,18.556211233139038,162.60000000000002,0.16260000000000002,162.60000000000002,nan,nan,nan,nan,0.86,nan,nan,nan,nan,nan,nan,nan,nan,nan,nan,nan,nan,nan,nan,nan,nan,0.395377644240844,0.4059999883174896,nan,nan,nan,0.13760536750042146,-0.12608689069747925,nan,nan,nan,nan,nan,nan,nan,nan,nan,nan,nan,nan,nan,nan,nan,nan,nan,2.621999979019165,nan,0,0,0,0,2.011319398880005,-3.6474955081939697,2.7060733150562646,FOLLOW_MAIN,,,,,,,,0,0,0,0,0,0,0,0.7588019371032715,nan,nan,0.3761453628540039,0.00012826919555664062,3.0442874431610107,nan,nan
1784806128.146065,18.915385007858276,162.60000000000002,0.16260000000000002,162.60000000000002,nan,nan,nan,nan,0.86,nan,nan,nan,nan,nan,nan,nan,nan,nan,nan,nan,nan,nan,nan,nan,nan,0.395377644240844,0.4059999883174896,nan,nan,nan,0.13760536750042146,-0.12608689069747925,nan,nan,nan,nan,nan,nan,nan,nan,nan,nan,nan,nan,nan,nan,nan,nan,nan,1.5770000219345093,nan,0,0,0,0,2.011319398880005,-3.6474955081939697,2.7060733150562646,FOLLOW_MAIN,,,,,,,,0,0,0,0,0,0,0,1.1179814338684082,nan,nan,0.7353246212005615,0.35930800437927246,0.00010728836059570312,nan,nan
1784806128.5141861,19.283506155014038,-16.2,-0.0162,-16.2,nan,nan,nan,nan,-0.115,nan,nan,nan,nan,nan,nan,nan,nan,nan,nan,nan,nan,nan,nan,nan,nan,0.395377644240844,0.4059999883174896,nan,nan,nan,0.13760536750042146,-0.12608689069747925,nan,nan,nan,nan,nan,nan,nan,nan,nan,nan,nan,nan,nan,nan,nan,nan,nan,1.5770000219345093,nan,0,0,0,0,2.011319398880005,-3.6474955081939697,2.7060733150562646,FOLLOW_MAIN,,,,,,,,0,0,0,0,0,0,0,9.608268737792969e-05,nan,nan,1.1034445762634277,0.7274277210235596,0.3682272434234619,nan,nan
1784806128.8659308,19.63525080680847,-16.2,-0.0162,-16.2,nan,nan,nan,nan,-0.115,nan,nan,nan,nan,nan,nan,nan,nan,nan,nan,nan,nan,nan,nan,nan,nan,0.2980878599898732,0.4059999883174896,nan,nan,nan,0.71252946294561,-0.12608689069747925,nan,nan,nan,nan,nan,nan,nan,nan,nan,nan,nan,nan,nan,nan,nan,nan,nan,1.5770000219345093,nan,0,0,0,0,2.011319398880005,-3.6474955081939697,2.7060733150562646,FOLLOW_MAIN,,,,,,,,0,0,0,0,0,0,0,0.3518352508544922,nan,nan,9.179115295410156e-05,1.0791666507720947,0.7199661731719971,nan,nan
1784806129.238999,20.00831890106201,-16.2,-0.0162,-16.2,nan,nan,nan,nan,-0.115,nan,nan,nan,nan,nan,nan,nan,nan,nan,nan,nan,nan,nan,nan,nan,nan,0.2980878599898732,0.29725000262260437,nan,nan,nan,0.71252946294561,1.8282607793807983,nan,nan,nan,nan,nan,nan,nan,nan,nan,nan,nan,nan,nan,nan,nan,nan,nan,1.5770000219345093,nan,0,0,0,0,1.5606187582015991,-3.4527769088745117,3.1066830128075567,FOLLOW_MAIN,,,,,,,,0,0,0,0,0,0,0,0.7249095439910889,nan,nan,0.3731660842895508,0.000110626220703125,1.0930407047271729,nan,nan
1784806129.6349747,20.404294729232788,-16.2,-0.0162,-16.2,nan,nan,nan,nan,-0.115,nan,nan,nan,nan,nan,nan,nan,nan,nan,nan,nan,nan,nan,nan,nan,nan,0.2980878599898732,0.29725000262260437,nan,nan,nan,0.71252946294561,1.8282607793807983,nan,nan,nan,nan,nan,nan,nan,nan,nan,nan,nan,nan,nan,nan,nan,nan,nan,1.4160000085830688,nan,0,0,0,0,1.5606187582015991,-3.4527769088745117,3.1066830128075567,FOLLOW_MAIN,,,,,,,,0,0,0,0,0,0,0,1.1208782196044922,nan,nan,0.7691349983215332,0.39607930183410645,9.322166442871094e-05,nan,nan
1784806130.0109022,20.780222177505493,8.5,0.0085,8.5,nan,nan,nan,nan,0.014,nan,nan,nan,nan,nan,nan,nan,nan,nan,nan,nan,nan,nan,nan,nan,nan,0.2980878599898732,0.29725000262260437,nan,nan,nan,0.71252946294561,1.8282607793807983,nan,nan,nan,nan,nan,nan,nan,nan,nan,nan,nan,nan,nan,nan,nan,nan,nan,1.4160000085830688,nan,0,0,0,0,1.5606187582015991,-3.4527769088745117,3.1066830128075567,FOLLOW_MAIN,,,,,,,,0,0,0,0,0,0,0,0.00011587142944335938,nan,nan,1.1450905799865723,0.7720351219177246,0.3760495185852051,nan,nan
1784806130.371869,21.141189098358154,8.5,0.0085,8.5,nan,nan,nan,nan,0.014,nan,nan,nan,nan,nan,nan,nan,nan,nan,nan,nan,nan,nan,nan,nan,nan,0.43068101205384124,0.29725000262260437,nan,nan,nan,0.12746297804078766,1.8282607793807983,nan,nan,nan,nan,nan,nan,nan,nan,nan,nan,nan,nan,nan,nan,nan,nan,nan,1.4160000085830688,nan,0,0,0,0,1.5606187582015991,-3.4527769088745117,3.1066830128075567,FOLLOW_MAIN,,,,,,,,0,0,0,0,0,0,0,0.3610541820526123,nan,nan,8.869171142578125e-05,1.1329734325408936,0.7369873523712158,nan,nan
1784806130.7443922,21.513712167739868,8.5,0.0085,8.5,nan,nan,nan,nan,0.014,nan,nan,nan,nan,nan,nan,nan,nan,nan,nan,nan,nan,nan,nan,nan,nan,0.43068101205384124,0.406000018119812,nan,nan,nan,0.12746297804078766,0.06304344534873962,nan,nan,nan,nan,nan,nan,nan,nan,nan,nan,nan,nan,nan,nan,nan,nan,nan,1.4160000085830688,nan,0,0,0,0,0.9743247628211975,-3.5082521438598633,-2.966662235525263,FOLLOW_MAIN,,,,,,,,0,0,0,0,0,0,0,0.7336106300354004,nan,nan,0.37264585494995117,0.0001494884490966797,1.1095445156097412,nan,nan
1784806131.104548,21.873867988586426,8.5,0.0085,8.5,nan,nan,nan,nan,0.014,nan,nan,nan,nan,nan,nan,nan,nan,nan,nan,nan,nan,nan,nan,nan,nan,0.43068101205384124,0.406000018119812,nan,nan,nan,0.12746297804078766,0.06304344534873962,nan,nan,nan,nan,nan,nan,nan,nan,nan,nan,nan,nan,nan,nan,nan,nan,nan,1.25,nan,0,0,0,0,0.9743247628211975,-3.5082521438598633,-2.966662235525263,FOLLOW_MAIN,,,,,,,,0,0,0,0,0,0,0,1.0937368869781494,nan,nan,0.7327713966369629,0.3602757453918457,0.00010347366333007812,nan,nan
1784806131.4705272,22.23984718322754,-15.200000000000001,-0.015200000000000002,-15.200000000000001,nan,nan,nan,nan,-0.108,nan,nan,nan,nan,nan,nan,nan,nan,nan,nan,nan,nan,nan,nan,nan,nan,0.43068101205384124,0.406000018119812,nan,nan,nan,0.12746297804078766,0.06304344534873962,nan,nan,nan,nan,nan,nan,nan,nan,nan,nan,nan,nan,nan,nan,nan,nan,nan,1.25,nan,0,0,0,0,0.9743247628211975,-3.5082521438598633,-2.966662235525263,FOLLOW_MAIN,,,,,,,,0,0,0,0,0,0,0,0.00012135505676269531,nan,nan,1.0987472534179688,0.7262511253356934,0.36607933044433594,nan,nan
1784806131.8279295,22.597249507904053,-15.200000000000001,-0.015200000000000002,-15.200000000000001,nan,nan,nan,nan,-0.108,nan,nan,nan,nan,nan,nan,nan,nan,nan,nan,nan,nan,nan,nan,nan,nan,0.4003489020353159,0.406000018119812,nan,nan,nan,-0.09772637393328565,0.06304344534873962,nan,nan,nan,nan,nan,nan,nan,nan,nan,nan,nan,nan,nan,nan,nan,nan,nan,1.25,nan,0,0,0,0,0.9743247628211975,-3.5082521438598633,-2.966662235525263,FOLLOW_MAIN,,,,,,,,0,0,0,0,0,0,0,0.35756802558898926,nan,nan,0.00014901161193847656,1.0836997032165527,0.7235276699066162,nan,nan
1784806132.1791198,22.948439836502075,-15.200000000000001,-0.015200000000000002,-15.200000000000001,nan,nan,nan,nan,-0.108,nan,nan,nan,nan,nan,nan,nan,nan,nan,nan,nan,nan,nan,nan,nan,nan,0.4003489020353159,0.49300000071525574,nan,nan,nan,-0.09772637393328565,0.0,nan,nan,nan,nan,nan,nan,nan,nan,nan,nan,nan,nan,nan,nan,nan,nan,nan,1.25,nan,0,0,0,0,0.36355435848236084,-3.6235146522521973,-2.971673800029158,FOLLOW_MAIN,,,,,,,,0,0,0,0,0,0,0,0.7087204456329346,nan,nan,0.3513004779815674,0.0001068115234375,1.0746779441833496,nan,nan
1784806132.5349627,23.304282665252686,-15.200000000000001,-0.015200000000000002,-15.200000000000001,nan,nan,nan,nan,-0.108,nan,nan,nan,nan,nan,nan,nan,nan,nan,nan,nan,nan,nan,nan,nan,nan,0.4003489020353159,0.49300000071525574,nan,nan,nan,-0.09772637393328565,0.0,nan,nan,nan,nan,nan,nan,nan,nan,nan,nan,nan,nan,nan,nan,nan,nan,nan,0.6620000004768372,nan,0,0,0,0,0.36355435848236084,-3.6235146522521973,-2.971673800029158,FOLLOW_MAIN,,,,,,,,0,0,0,0,0,0,0,1.0645685195922852,nan,nan,0.7071492671966553,0.3559556007385254,0.0001423358917236328,nan,nan
1784806132.890052,23.659372091293335,10.9,0.0109,10.9,nan,nan,nan,nan,0.078,nan,nan,nan,nan,nan,nan,nan,nan,nan,nan,nan,nan,nan,nan,nan,nan,0.4003489020353159,0.49300000071525574,nan,nan,nan,-0.09772637393328565,0.0,nan,nan,nan,nan,nan,nan,nan,nan,nan,nan,nan,nan,nan,nan,nan,nan,nan,0.6620000004768372,nan,0,0,0,0,0.36355435848236084,-3.6235146522521973,-2.971673800029158,FOLLOW_MAIN,,,,,,,,0,0,0,0,0,0,0,0.00011539459228515625,nan,nan,1.0622553825378418,0.7110617160797119,0.35524845123291016,nan,nan
1784806133.2338648,24.00318479537964,10.9,0.0109,10.9,nan,nan,nan,nan,0.078,nan,nan,nan,nan,nan,nan,nan,nan,nan,nan,nan,nan,nan,nan,nan,nan,0.4207133040343504,0.49300000071525574,nan,nan,nan,-0.00041964200352258746,0.0,nan,nan,nan,nan,nan,nan,nan,nan,nan,nan,nan,nan,nan,nan,nan,nan,nan,0.6620000004768372,nan,0,0,0,0,0.36355435848236084,-3.6235146522521973,-2.971673800029158,FOLLOW_MAIN,,,,,,,,0,0,0,0,0,0,0,0.34390830993652344,nan,nan,0.000102996826171875,1.0548551082611084,0.6990418434143066,nan,nan
1784806133.6024544,24.371774435043335,10.9,0.0109,10.9,nan,nan,nan,nan,0.078,nan,nan,nan,nan,nan,nan,nan,nan,nan,nan,nan,nan,nan,nan,nan,nan,0.4207133040343504,0.406000018119812,nan,nan,nan,-0.00041964200352258746,-1.2957531225765706e-07,nan,nan,nan,nan,nan,nan,nan,nan,nan,nan,nan,nan,nan,nan,nan,nan,nan,0.6620000004768372,nan,0,0,0,0,-0.27492114901542664,-3.713095188140869,-3.025575222081497,FOLLOW_MAIN,,,,,,,,0,0,0,0,0,0,0,0.7125234603881836,nan,nan,0.36871790885925293,0.00014352798461914062,1.0676562786102295,nan,nan
1784806133.9575222,24.726842164993286,10.9,0.0109,10.9,nan,nan,nan,nan,0.078,nan,nan,nan,nan,nan,nan,nan,nan,nan,nan,nan,nan,nan,nan,nan,nan,0.4207133040343504,0.406000018119812,nan,nan,nan,-0.00041964200352258746,-1.2957531225765706e-07,nan,nan,nan,nan,nan,nan,nan,nan,nan,nan,nan,nan,nan,nan,nan,nan,nan,1.9010000228881836,nan,0,0,0,0,-0.27492114901542664,-3.713095188140869,-3.025575222081497,FOLLOW_MAIN,,,,,,,,0,0,0,0,0,0,0,1.0676348209381104,nan,nan,0.7238295078277588,0.3552556037902832,0.00018310546875,nan,nan
1784806134.3128202,25.08214020729065,0.9,0.0009,0.9,nan,nan,nan,nan,0.007,nan,nan,nan,nan,nan,nan,nan,nan,nan,nan,nan,nan,nan,nan,nan,nan,0.4207133040343504,0.406000018119812,nan,nan,nan,-0.00041964200352258746,-1.2957531225765706e-07,nan,nan,nan,nan,nan,nan,nan,nan,nan,nan,nan,nan,nan,nan,nan,nan,nan,1.9010000228881836,nan,0,0,0,0,-0.27492114901542664,-3.713095188140869,-3.025575222081497,FOLLOW_MAIN,,,,,,,,0,0,0,0,0,0,0,0.00011801719665527344,nan,nan,1.0790736675262451,0.7104997634887695,0.35542774200439453,nan,nan
1784806134.6790447,25.448364734649658,0.9,0.0009,0.9,nan,nan,nan,nan,0.007,nan,nan,nan,nan,nan,nan,nan,nan,nan,nan,nan,nan,nan,nan,nan,nan,0.43194982361915835,0.406000018119812,nan,nan,nan,0.08004660557773047,-1.2957531225765706e-07,nan,nan,nan,nan,nan,nan,nan,nan,nan,nan,nan,nan,nan,nan,nan,nan,nan,1.9010000228881836,nan,0,0,0,0,-0.27492114901542664,-3.713095188140869,-3.025575222081497,FOLLOW_MAIN,,,,,,,,0,0,0,0,0,0,0,0.36632633209228516,nan,nan,0.00012874603271484375,1.0767076015472412,0.7216353416442871,nan,nan
1784806135.0087664,25.7780864238739,0.9,0.0009,0.9,nan,nan,nan,nan,0.007,nan,nan,nan,nan,nan,nan,nan,nan,nan,nan,nan,nan,nan,nan,nan,nan,0.43194982361915835,0.45674997568130493,nan,nan,nan,0.08004660557773047,6.478765612882853e-08,nan,nan,nan,nan,nan,nan,nan,nan,nan,nan,nan,nan,nan,nan,nan,nan,nan,1.9010000228881836,nan,0,0,0,0,-0.8321715593338013,-3.7840189933776855,-3.002186594229047,FOLLOW_MAIN,,,,,,,,0,0,0,0,0,0,0,0.6960785388946533,nan,nan,0.3298807144165039,0.00012946128845214844,1.051387071609497,nan,nan
1784806135.375632,26.144952058792114,-4.1000000000000005,-0.0041,-4.1000000000000005,nan,nan,nan,nan,-0.029,nan,nan,nan,nan,nan,nan,nan,nan,nan,nan,nan,nan,nan,nan,nan,nan,0.43194982361915835,0.45674997568130493,nan,nan,nan,0.08004660557773047,6.478765612882853e-08,nan,nan,nan,nan,nan,nan,nan,nan,nan,nan,nan,nan,nan,nan,nan,nan,nan,1.5920000076293945,nan,0,0,0,0,-0.8321715593338013,-3.7840189933776855,-3.002186594229047,FOLLOW_MAIN,,,,,,,,0,0,0,0,0,0,0,8.940696716308594e-05,nan,nan,0.6967113018035889,0.3669600486755371,0.3632333278656006,nan,nan
1784806135.747558,26.516878128051758,-4.1000000000000005,-0.0041,-4.1000000000000005,nan,nan,nan,nan,-0.029,nan,nan,nan,nan,nan,nan,nan,nan,nan,nan,nan,nan,nan,nan,nan,nan,0.3465631351551365,0.45674997568130493,nan,nan,nan,0.18576683463386479,6.478765612882853e-08,nan,nan,nan,nan,nan,nan,nan,nan,nan,nan,nan,nan,nan,nan,nan,nan,nan,1.5920000076293945,nan,0,0,0,0,-0.8321715593338013,-3.7840189933776855,-3.002186594229047,FOLLOW_MAIN,,,,,,,,0,0,0,0,0,0,0,0.37201595306396484,nan,nan,9.202957153320312e-05,0.7388865947723389,0.7351589202880859,nan,nan
1784806136.1075444,26.876864433288574,-4.1000000000000005,-0.0041,-4.1000000000000005,nan,nan,nan,nan,-0.029,nan,nan,nan,nan,nan,nan,nan,nan,nan,nan,nan,nan,nan,nan,nan,nan,0.3465631351551365,0.3697500228881836,nan,nan,nan,0.18576683463386479,0.06304344534873962,nan,nan,nan,nan,nan,nan,nan,nan,nan,nan,nan,nan,nan,nan,nan,nan,nan,1.5920000076293945,nan,0,0,0,0,-1.3073351383209229,-3.8618781566619873,-2.9325550284415294,FOLLOW_MAIN,,,,,,,,0,0,0,0,0,0,0,0.7320148944854736,nan,nan,0.3600914478302002,0.000118255615234375,1.0951581001281738,nan,nan
1784806136.489573,27.25889301300049,-4.1000000000000005,-0.0041,-4.1000000000000005,nan,nan,nan,nan,-0.029,nan,nan,nan,nan,nan,nan,nan,nan,nan,nan,nan,nan,nan,nan,nan,nan,0.3465631351551365,0.3697500228881836,nan,nan,nan,0.18576683463386479,0.06304344534873962,nan,nan,nan,nan,nan,nan,nan,nan,nan,nan,nan,nan,nan,nan,nan,nan,nan,0.9819999933242798,nan,0,0,0,0,-1.3073351383209229,-3.8618781566619873,-2.9325550284415294,FOLLOW_MAIN,,,,,,,,0,0,0,0,0,0,0,1.1140730381011963,nan,nan,0.7421495914459229,0.38217687606811523,0.000152587890625,nan,nan
1784806136.8333018,27.60262179374695,-15.3,-0.015300000000000001,-15.3,nan,nan,nan,nan,-0.109,nan,nan,nan,nan,nan,nan,nan,nan,nan,nan,nan,nan,nan,nan,nan,nan,0.3465631351551365,0.3697500228881836,nan,nan,nan,0.18576683463386479,0.06304344534873962,nan,nan,nan,nan,nan,nan,nan,nan,nan,nan,nan,nan,nan,nan,nan,nan,nan,0.9819999933242798,nan,0,0,0,0,-1.3073351383209229,-3.8618781566619873,-2.9325550284415294,FOLLOW_MAIN,,,,,,,,0,0,0,0,0,0,0,9.918212890625e-05,nan,nan,1.0858407020568848,0.725867748260498,0.3438444137573242,nan,nan
1784806137.18196,27.951280117034912,-15.3,-0.015300000000000001,-15.3,nan,nan,nan,nan,-0.109,nan,nan,nan,nan,nan,nan,nan,nan,nan,nan,nan,nan,nan,nan,nan,nan,0.34795560456184066,0.3697500228881836,nan,nan,nan,0.6410253956143481,0.06304344534873962,nan,nan,nan,nan,nan,nan,nan,nan,nan,nan,nan,nan,nan,nan,nan,nan,nan,0.9819999933242798,nan,0,0,0,0,-1.3073351383209229,-3.8618781566619873,-2.9325550284415294,FOLLOW_MAIN,,,,,,,,0,0,0,0,0,0,0,0.34874773025512695,nan,nan,8.320808410644531e-05,1.0745153427124023,0.6924912929534912,nan,nan
1784806137.5396132,28.30893325805664,-15.3,-0.015300000000000001,-15.3,nan,nan,nan,nan,-0.109,nan,nan,nan,nan,nan,nan,nan,nan,nan,nan,nan,nan,nan,nan,nan,nan,0.34795560456184066,0.3407500088214874,nan,nan,nan,0.6410253956143481,0.5673913359642029,nan,nan,nan,nan,nan,nan,nan,nan,nan,nan,nan,nan,nan,nan,nan,nan,nan,0.9819999933242798,nan,0,0,0,0,-1.8124473094940186,-4.032481670379639,-2.565704930846626,FOLLOW_MAIN,,,,,,,,0,0,0,0,0,0,0,0.7064507007598877,nan,nan,0.3577864170074463,0.00014853477478027344,1.050194263458252,nan,nan
1784806137.882044,28.65136408805847,-15.3,-0.015300000000000001,-15.3,nan,nan,nan,nan,-0.109,nan,nan,nan,nan,nan,nan,nan,nan,nan,nan,nan,nan,nan,nan,nan,nan,0.34795560456184066,0.3407500088214874,nan,nan,nan,0.6410253956143481,0.5673913359642029,nan,nan,nan,nan,nan,nan,nan,nan,nan,nan,nan,nan,nan,nan,nan,nan,nan,1.1469999551773071,nan,0,0,0,0,-1.8124473094940186,-4.032481670379639,-2.565704930846626,FOLLOW_MAIN,,,,,,,,0,0,0,0,0,0,0,1.0488307476043701,nan,nan,0.7001662254333496,0.3425285816192627,8.559226989746094e-05,nan,nan
1784806138.2243621,28.993682146072388,-42.300000000000004,-0.042300000000000004,-42.300000000000004,nan,nan,nan,nan,-0.293,nan,nan,nan,nan,nan,nan,nan,nan,nan,nan,nan,nan,nan,nan,nan,nan,0.34795560456184066,0.3407500088214874,nan,nan,nan,0.6410253956143481,0.5673913359642029,nan,nan,nan,nan,nan,nan,nan,nan,nan,nan,nan,nan,nan,nan,nan,nan,nan,1.1469999551773071,nan,0,0,0,0,-1.8124473094940186,-4.032481670379639,-2.565704930846626,FOLLOW_MAIN,,,,,,,,0,0,0,0,0,0,0,0.00010275840759277344,nan,nan,1.0425055027008057,0.6848680973052979,0.3424253463745117,nan,nan
1784806138.5838325,29.35315251350403,-42.300000000000004,-0.042300000000000004,-42.300000000000004,nan,nan,nan,nan,-0.293,nan,nan,nan,nan,nan,nan,nan,nan,nan,nan,nan,nan,nan,nan,nan,nan,0.3074811543784073,0.3407500088214874,nan,nan,nan,0.5154094125503131,0.5673913359642029,nan,nan,nan,nan,nan,nan,nan,nan,nan,nan,nan,nan,nan,nan,nan,nan,nan,1.1469999551773071,nan,0,0,0,0,-1.8124473094940186,-4.032481670379639,-2.565704930846626,FOLLOW_MAIN,,,,,,,,0,0,0,0,0,0,0,0.3595614433288574,nan,nan,0.00010132789611816406,1.0443265438079834,0.7018835544586182,nan,nan
1784806138.944708,29.714028120040894,-42.300000000000004,-0.042300000000000004,-42.300000000000004,nan,nan,nan,nan,-0.293,nan,nan,nan,nan,nan,nan,nan,nan,nan,nan,nan,nan,nan,nan,nan,nan,0.3074811543784073,0.31174999475479126,nan,nan,nan,0.5154094125503131,0.6304347515106201,nan,nan,nan,nan,nan,nan,nan,nan,nan,nan,nan,nan,nan,nan,nan,nan,nan,1.1469999551773071,nan,0,0,0,0,-2.058091878890991,-4.358558654785156,-1.8625495674173633,FOLLOW_MAIN,,,,,,,,0,0,0,0,0,0,0,0.7204728126525879,nan,nan,0.36101245880126953,0.0001354217529296875,1.0627944469451904,nan,nan
1784806139.309146,30.078465938568115,-42.300000000000004,-0.042300000000000004,-42.300000000000004,nan,nan,nan,nan,-0.293,nan,nan,nan,nan,nan,nan,nan,nan,nan,nan,nan,nan,nan,nan,nan,nan,0.3074811543784073,0.31174999475479126,nan,nan,nan,0.5154094125503131,0.6304347515106201,nan,nan,nan,nan,nan,nan,nan,nan,nan,nan,nan,nan,nan,nan,nan,nan,nan,1.8070000410079956,nan,0,0,0,0,-2.058091878890991,-4.358558654785156,-1.8625495674173633,FOLLOW_MAIN,,,,,,,,0,0,0,0,0,0,0,1.0848679542541504,nan,nan,0.725407600402832,0.3645312786102295,9.489059448242188e-05,nan,nan
1784806139.6513336,30.420653581619263,-160.3,-0.1603,-160.3,nan,nan,nan,nan,-0.273,nan,nan,nan,nan,nan,nan,nan,nan,nan,nan,nan,nan,nan,nan,nan,nan,0.3074811543784073,0.31174999475479126,nan,nan,nan,0.5154094125503131,0.6304347515106201,nan,nan,nan,nan,nan,nan,nan,nan,nan,nan,nan,nan,nan,nan,nan,nan,nan,1.8070000410079956,nan,0,0,0,0,-2.058091878890991,-4.358558654785156,-1.8625495674173633,FOLLOW_MAIN,,,,,,,,0,0,0,0,0,0,0,0.00010251998901367188,nan,nan,1.0676062107086182,0.7067294120788574,0.34229350090026855,nan,nan
1784806140.0105886,30.779908657073975,-160.3,-0.1603,-160.3,nan,nan,nan,nan,-0.273,nan,nan,nan,nan,nan,nan,nan,nan,nan,nan,nan,nan,nan,nan,nan,nan,0.3077126498006215,0.31174999475479126,nan,nan,nan,0.501745269357442,0.6304347515106201,nan,nan,nan,nan,nan,nan,nan,nan,nan,nan,nan,nan,nan,nan,nan,nan,nan,1.8070000410079956,nan,0,0,0,0,-2.058091878890991,-4.358558654785156,-1.8625495674173633,FOLLOW_MAIN,,,,,,,,0,0,0,0,0,0,0,0.3593888282775879,nan,nan,0.00014638900756835938,1.0660161972045898,0.7015805244445801,nan,nan
1784806142.2515132,33.020833253860474,-160.3,-0.1603,-160.3,nan,nan,nan,nan,-0.273,nan,nan,nan,nan,nan,nan,nan,nan,nan,nan,nan,nan,nan,nan,nan,nan,0.3077126498006215,0.40962502360343933,nan,nan,nan,0.501745269357442,0.28369560837745667,nan,nan,nan,nan,nan,nan,nan,nan,nan,nan,nan,nan,nan,nan,nan,nan,nan,1.8070000410079956,nan,0,0,0,0,-1.5550657510757446,-5.046458721160889,-0.02514630885186251,FOLLOW_MAIN,,,,,,,,0,0,0,0,0,0,0,2.600280284881592,nan,nan,2.241037368774414,0.00011181831359863281,2.9424705505371094,nan,nan
1784806142.6260664,33.39538645744324,-160.3,-0.1603,-160.3,nan,nan,nan,nan,-0.273,nan,nan,nan,nan,nan,nan,nan,nan,nan,nan,nan,nan,nan,nan,nan,nan,0.3077126498006215,0.40962502360343933,nan,nan,nan,0.501745269357442,0.28369560837745667,nan,nan,nan,nan,nan,nan,nan,nan,nan,nan,nan,nan,nan,nan,nan,nan,nan,3.7880001068115234,nan,0,0,0,0,-1.5550657510757446,-5.046458721160889,-0.02514630885186251,FOLLOW_MAIN,,,,,,,,0,0,0,0,0,0,0,2.974822521209717,nan,nan,2.61557936668396,0.37465381622314453,8.58306884765625e-05,nan,nan
1784806142.9747515,33.74407148361206,-10.200000000000001,-0.0102,-10.200000000000001,nan,nan,nan,nan,-0.07200000000000001,nan,nan,nan,nan,nan,nan,nan,nan,nan,nan,nan,nan,nan,nan,nan,nan,0.3077126498006215,0.40962502360343933,nan,nan,nan,0.501745269357442,0.28369560837745667,nan,nan,nan,nan,nan,nan,nan,nan,nan,nan,nan,nan,nan,nan,nan,nan,nan,3.7880001068115234,nan,0,0,0,0,-1.5550657510757446,-5.046458721160889,-0.02514630885186251,FOLLOW_MAIN,,,,,,,,0,0,0,0,0,0,0,8.630752563476562e-05,nan,nan,2.9642691612243652,0.7233438491821289,0.34877634048461914,nan,nan
1784806143.3247716,34.09409165382385,-10.200000000000001,-0.0102,-10.200000000000001,nan,nan,nan,nan,-0.07200000000000001,nan,nan,nan,nan,nan,nan,nan,nan,nan,nan,nan,nan,nan,nan,nan,nan,0.3976606059257609,0.40962502360343933,nan,nan,nan,0.0028710891851713156,0.28369560837745667,nan,nan,nan,nan,nan,nan,nan,nan,nan,nan,nan,nan,nan,nan,nan,nan,nan,3.7880001068115234,nan,0,0,0,0,-1.5550657510757446,-5.046458721160889,-0.02514630885186251,FOLLOW_MAIN,,,,,,,,0,0,0,0,0,0,0,0.3501105308532715,nan,nan,9.918212890625e-05,1.0733675956726074,0.6987998485565186,nan,nan
1784806143.6937354,34.46305537223816,-10.200000000000001,-0.0102,-10.200000000000001,nan,nan,nan,nan,-0.07200000000000001,nan,nan,nan,nan,nan,nan,nan,nan,nan,nan,nan,nan,nan,nan,nan,nan,0.3976606059257609,0.4168750047683716,nan,nan,nan,0.0028710891851713156,0.031521786004304886,nan,nan,nan,nan,nan,nan,nan,nan,nan,nan,nan,nan,nan,nan,nan,nan,nan,3.7880001068115234,nan,0,0,0,0,-0.9696759581565857,-5.069207668304443,-0.05086786025947302,FOLLOW_MAIN,,,,,,,,0,0,0,0,0,0,0,0.7190737724304199,nan,nan,0.3690621852874756,0.000102996826171875,1.067762851715088,nan,nan
1784806144.0365918,34.80591177940369,-10.200000000000001,-0.0102,-10.200000000000001,nan,nan,nan,nan,-0.07200000000000001,nan,nan,nan,nan,nan,nan,nan,nan,nan,nan,nan,nan,nan,nan,nan,nan,0.3976606059257609,0.4168750047683716,nan,nan,nan,0.0028710891851713156,0.031521786004304886,nan,nan,nan,nan,nan,nan,nan,nan,nan,nan,nan,nan,nan,nan,nan,nan,nan,3.253999948501587,nan,0,0,0,0,-0.9696759581565857,-5.069207668304443,-0.05086786025947302,FOLLOW_MAIN,,,,,,,,0,0,0,0,0,0,0,1.0619266033172607,nan,nan,0.7119152545928955,0.34295654296875,9.799003601074219e-05,nan,nan
1784806144.389124,35.15844392776489,-7.7,-0.0077,-7.7,nan,nan,nan,nan,-0.013000000000000001,nan,nan,nan,nan,nan,nan,nan,nan,nan,nan,nan,nan,nan,nan,nan,nan,0.3976606059257609,0.4168750047683716,nan,nan,nan,0.0028710891851713156,0.031521786004304886,nan,nan,nan,nan,nan,nan,nan,nan,nan,nan,nan,nan,nan,nan,nan,nan,nan,3.253999948501587,nan,0,0,0,0,-0.9696759581565857,-5.069207668304443,-0.05086786025947302,FOLLOW_MAIN,,,,,,,,0,0,0,0,0,0,0,0.00011777877807617188,nan,nan,1.064462661743164,0.6955037117004395,0.3526453971862793,nan,nan
1784806144.7548761,35.5241961479187,-7.7,-0.0077,-7.7,nan,nan,nan,nan,-0.013000000000000001,nan,nan,nan,nan,nan,nan,nan,nan,nan,nan,nan,nan,nan,nan,nan,nan,0.4394796952810073,0.4168750047683716,nan,nan,nan,0.006491592375734341,0.031521786004304886,nan,nan,nan,nan,nan,nan,nan,nan,nan,nan,nan,nan,nan,nan,nan,nan,nan,3.253999948501587,nan,0,0,0,0,-0.9696759581565857,-5.069207668304443,-0.05086786025947302,FOLLOW_MAIN,,,,,,,,0,0,0,0,0,0,0,0.3658726215362549,nan,nan,0.0001246929168701172,1.061258316040039,0.7184000015258789,nan,nan
1784806145.092121,35.861440896987915,-7.7,-0.0077,-7.7,nan,nan,nan,nan,-0.013000000000000001,nan,nan,nan,nan,nan,nan,nan,nan,nan,nan,nan,nan,nan,nan,nan,nan,0.4394796952810073,0.46037498116493225,nan,nan,nan,0.006491592375734341,-0.03152172267436981,nan,nan,nan,nan,nan,nan,nan,nan,nan,nan,nan,nan,nan,nan,nan,nan,nan,3.253999948501587,nan,0,0,0,0,-0.38090085983276367,-5.105856418609619,-0.06357175508922497,FOLLOW_MAIN,,,,,,,,0,0,0,0,0,0,0,0.7030971050262451,nan,nan,0.33734893798828125,9.1552734375e-05,1.0556235313415527,nan,nan
1784806145.4416625,36.21098256111145,-7.7,-0.0077,-7.7,nan,nan,nan,nan,-0.013000000000000001,nan,nan,nan,nan,nan,nan,nan,nan,nan,nan,nan,nan,nan,nan,nan,nan,0.4394796952810073,0.46037498116493225,nan,nan,nan,0.006491592375734341,-0.03152172267436981,nan,nan,nan,nan,nan,nan,nan,nan,nan,nan,nan,nan,nan,nan,nan,nan,nan,2.700000047683716,nan,0,0,0,0,-0.38090085983276367,-5.105856418609619,-0.06357175508922497,FOLLOW_MAIN,,,,,,,,0,0,0,0,0,0,0,1.0526814460754395,nan,nan,0.6869893074035645,0.3497326374053955,0.0002014636993408203,nan,nan
1784806145.794792,36.564111948013306,-7.7,-0.0077,-7.7,nan,nan,nan,nan,-0.013000000000000001,nan,nan,nan,nan,nan,nan,nan,nan,nan,nan,nan,nan,nan,nan,nan,nan,0.4394796952810073,0.46037498116493225,nan,nan,nan,0.006491592375734341,-0.03152172267436981,nan,nan,nan,nan,nan,nan,nan,nan,nan,nan,nan,nan,nan,nan,nan,nan,nan,2.700000047683716,nan,0,0,0,0,-0.38090085983276367,-5.105856418609619,-0.06357175508922497,FOLLOW_MAIN,,,,,,,,0,0,0,0,0,0,0,0.00014209747314453125,nan,nan,1.0400683879852295,0.7028112411499023,0.35328030586242676,nan,nan
1784806146.1388583,36.90817832946777,-7.7,-0.0077,-7.7,nan,nan,nan,nan,-0.013000000000000001,nan,nan,nan,nan,nan,nan,nan,nan,nan,nan,nan,nan,nan,nan,nan,nan,0.42260314816577754,0.46037498116493225,nan,nan,nan,-0.11820436633326548,-0.03152172267436981,nan,nan,nan,nan,nan,nan,nan,nan,nan,nan,nan,nan,nan,nan,nan,nan,nan,2.700000047683716,nan,0,0,0,0,-0.38090085983276367,-5.105856418609619,-0.06357175508922497,FOLLOW_MAIN,,,,,,,,0,0,0,0,0,0,0,0.344165563583374,nan,nan,9.5367431640625e-05,1.0468344688415527,0.6973035335540771,nan,nan
1784806146.497187,37.2665069103241,-7.7,-0.0077,-7.7,nan,nan,nan,nan,-0.013000000000000001,nan,nan,nan,nan,nan,nan,nan,nan,nan,nan,nan,nan,nan,nan,nan,nan,0.42260314816577754,0.406000018119812,nan,nan,nan,-0.11820436633326548,-1.2957531225765706e-07,nan,nan,nan,nan,nan,nan,nan,nan,nan,nan,nan,nan,nan,nan,nan,nan,nan,2.700000047683716,nan,0,0,0,0,0.25133901834487915,-5.149024486541748,-0.10448677030229005,FOLLOW_MAIN,,,,,,,,0,0,0,0,0,0,0,0.7026031017303467,nan,nan,0.3585350513458252,0.0002703666687011719,1.0557441711425781,nan,nan
1784806146.8665428,37.635862827301025,-7.7,-0.0077,-7.7,nan,nan,nan,nan,-0.013000000000000001,nan,nan,nan,nan,nan,nan,nan,nan,nan,nan,nan,nan,nan,nan,nan,nan,0.42260314816577754,0.406000018119812,nan,nan,nan,-0.11820436633326548,-1.2957531225765706e-07,nan,nan,nan,nan,nan,nan,nan,nan,nan,nan,nan,nan,nan,nan,nan,nan,nan,2.1389999389648438,nan,0,0,0,0,0.25133901834487915,-5.149024486541748,-0.10448677030229005,FOLLOW_MAIN,,,,,,,,0,0,0,0,0,0,0,1.0718541145324707,nan,nan,0.7277841567993164,0.369518518447876,0.00011610984802246094,nan,nan
1784806147.2085662,37.97788619995117,33.800000000000004,0.033800000000000004,33.800000000000004,nan,nan,nan,nan,0.057,nan,nan,nan,nan,nan,nan,nan,nan,nan,nan,nan,nan,nan,nan,nan,nan,0.42260314816577754,0.406000018119812,nan,nan,nan,-0.11820436633326548,-1.2957531225765706e-07,nan,nan,nan,nan,nan,nan,nan,nan,nan,nan,nan,nan,nan,nan,nan,nan,nan,2.1389999389648438,nan,0,0,0,0,0.25133901834487915,-5.149024486541748,-0.10448677030229005,FOLLOW_MAIN,,,,,,,,0,0,0,0,0,0,0,8.487701416015625e-05,nan,nan,1.0697987079620361,0.7115330696105957,0.3421304225921631,nan,nan
1784806147.561805,38.331125020980835,33.800000000000004,0.033800000000000004,33.800000000000004,nan,nan,nan,nan,0.057,nan,nan,nan,nan,nan,nan,nan,nan,nan,nan,nan,nan,nan,nan,nan,nan,0.43673195416774824,0.406000018119812,nan,nan,nan,-0.09481225017934321,-1.2957531225765706e-07,nan,nan,nan,nan,nan,nan,nan,nan,nan,nan,nan,nan,nan,nan,nan,nan,nan,2.1389999389648438,nan,0,0,0,0,0.25133901834487915,-5.149024486541748,-0.10448677030229005,FOLLOW_MAIN,,,,,,,,0,0,0,0,0,0,0,0.35336995124816895,nan,nan,0.00013494491577148438,1.0648179054260254,0.6954154968261719,nan,nan
1784806147.906089,38.67540907859802,33.800000000000004,0.033800000000000004,33.800000000000004,nan,nan,nan,nan,0.057,nan,nan,nan,nan,nan,nan,nan,nan,nan,nan,nan,nan,nan,nan,nan,nan,0.43673195416774824,0.3987500071525574,nan,nan,nan,-0.09481225017934321,0.37826085090637207,nan,nan,nan,nan,nan,nan,nan,nan,nan,nan,nan,nan,nan,nan,nan,nan,nan,2.1389999389648438,nan,0,0,0,0,0.7844983339309692,-5.229589939117432,-0.1265838842053926,FOLLOW_MAIN,,,,,,,,0,0,0,0,0,0,0,0.6976087093353271,nan,nan,0.3443732261657715,9.059906005859375e-05,1.0396537780761719,nan,nan
1784806148.2509475,39.020267486572266,33.800000000000004,0.033800000000000004,33.800000000000004,nan,nan,nan,nan,0.057,nan,nan,nan,nan,nan,nan,nan,nan,nan,nan,nan,nan,nan,nan,nan,nan,0.43673195416774824,0.3987500071525574,nan,nan,nan,-0.09481225017934321,0.37826085090637207,nan,nan,nan,nan,nan,nan,nan,nan,nan,nan,nan,nan,nan,nan,nan,nan,nan,1.6410000324249268,nan,0,0,0,0,0.7844983339309692,-5.229589939117432,-0.1265838842053926,FOLLOW_MAIN,,,,,,,,0,0,0,0,0,0,0,1.0424716472625732,nan,nan,0.6892366409301758,0.3449547290802002,0.00016117095947265625,nan,nan
1784806148.6193883,39.3887083530426,33.7,0.0337,33.7,nan,nan,nan,nan,0.056,nan,nan,nan,nan,nan,nan,nan,nan,nan,nan,nan,nan,nan,nan,nan,nan,0.43673195416774824,0.3987500071525574,nan,nan,nan,-0.09481225017934321,0.37826085090637207,nan,nan,nan,nan,nan,nan,nan,nan,nan,nan,nan,nan,nan,nan,nan,nan,nan,1.6410000324249268,nan,0,0,0,0,0.7844983339309692,-5.229589939117432,-0.1265838842053926,FOLLOW_MAIN,,,,,,,,0,0,0,0,0,0,0,0.00012040138244628906,nan,nan,1.0576984882354736,0.7134158611297607,0.3686227798461914,nan,nan
1784806148.9667072,39.736027240753174,33.7,0.0337,33.7,nan,nan,nan,nan,0.056,nan,nan,nan,nan,nan,nan,nan,nan,nan,nan,nan,nan,nan,nan,nan,nan,0.4154422133386822,0.3987500071525574,nan,nan,nan,-0.09358284154010447,0.37826085090637207,nan,nan,nan,nan,nan,nan,nan,nan,nan,nan,nan,nan,nan,nan,nan,nan,nan,1.6410000324249268,nan,0,0,0,0,0.7844983339309692,-5.229589939117432,-0.1265838842053926,FOLLOW_MAIN,,,,,,,,0,0,0,0,0,0,0,0.34746670722961426,nan,nan,0.0001437664031982422,1.060762643814087,0.7159690856933594,nan,nan
1784806149.3160167,40.085336685180664,33.7,0.0337,33.7,nan,nan,nan,nan,0.056,nan,nan,nan,nan,nan,nan,nan,nan,nan,nan,nan,nan,nan,nan,nan,nan,0.4154422133386822,0.37699997425079346,nan,nan,nan,-0.09358284154010447,-0.12608689069747925,nan,nan,nan,nan,nan,nan,nan,nan,nan,nan,nan,nan,nan,nan,nan,nan,nan,1.6410000324249268,nan,0,0,0,0,1.3868050575256348,-5.38077449798584,-0.33941918907762775,FOLLOW_MAIN,,,,,,,,0,0,0,0,0,0,0,0.696721076965332,nan,nan,0.3493978977203369,8.845329284667969e-05,1.0652227401733398,nan,nan
1784806149.67377,40.443089962005615,33.7,0.0337,33.7,nan,nan,nan,nan,0.056,nan,nan,nan,nan,nan,nan,nan,nan,nan,nan,nan,nan,nan,nan,nan,nan,0.4154422133386822,0.37699997425079346,nan,nan,nan,-0.09358284154010447,-0.12608689069747925,nan,nan,nan,nan,nan,nan,nan,nan,nan,nan,nan,nan,nan,nan,nan,nan,nan,4.214000225067139,nan,0,0,0,0,1.3868050575256348,-5.38077449798584,-0.33941918907762775,FOLLOW_MAIN,,,,,,,,0,0,0,0,0,0,0,1.0544838905334473,nan,nan,0.7071611881256104,0.3578522205352783,0.00011610984802246094,nan,nan
1784806150.0217905,40.79111051559448,33.7,0.0337,33.7,nan,nan,nan,nan,0.056,nan,nan,nan,nan,nan,nan,nan,nan,nan,nan,nan,nan,nan,nan,nan,nan,0.4154422133386822,0.37699997425079346,nan,nan,nan,-0.09358284154010447,-0.12608689069747925,nan,nan,nan,nan,nan,nan,nan,nan,nan,nan,nan,nan,nan,nan,nan,nan,nan,4.214000225067139,nan,0,0,0,0,1.3868050575256348,-5.38077449798584,-0.33941918907762775,FOLLOW_MAIN,,,,,,,,0,0,0,0,0,0,0,8.034706115722656e-05,nan,nan,1.0551722049713135,0.7058627605438232,0.3481268882751465,nan,nan
1784806150.4080245,41.17734456062317,33.7,0.0337,33.7,nan,nan,nan,nan,0.056,nan,nan,nan,nan,nan,nan,nan,nan,nan,nan,nan,nan,nan,nan,nan,nan,0.46068620206854627,0.37699997425079346,nan,nan,nan,-0.10366258146568737,-0.12608689069747925,nan,nan,nan,nan,nan,nan,nan,nan,nan,nan,nan,nan,nan,nan,nan,nan,nan,4.214000225067139,nan,0,0,0,0,1.3868050575256348,-5.38077449798584,-0.33941918907762775,FOLLOW_MAIN,,,,,,,,0,0,0,0,0,0,0,0.3863203525543213,nan,nan,9.298324584960938e-05,1.0921030044555664,0.7343668937683105,nan,nan
1784806150.7654872,41.534807205200195,33.7,0.0337,33.7,nan,nan,nan,nan,0.056,nan,nan,nan,nan,nan,nan,nan,nan,nan,nan,nan,nan,nan,nan,nan,nan,0.46068620206854627,0.4494999647140503,nan,nan,nan,-0.10366258146568737,-0.12608689069747925,nan,nan,nan,nan,nan,nan,nan,nan,nan,nan,nan,nan,nan,nan,nan,nan,nan,4.214000225067139,nan,0,0,0,0,1.9607608318328857,-5.637041091918945,-0.5034263666523207,FOLLOW_MAIN,,,,,,,,0,0,0,0,0,0,0,0.7437865734100342,nan,nan,0.3575592041015625,0.00011038780212402344,1.0918333530426025,nan,nan
1784806151.1040843,41.87340426445007,33.7,0.0337,33.7,nan,nan,nan,nan,0.056,nan,nan,nan,nan,nan,nan,nan,nan,nan,nan,nan,nan,nan,nan,nan,nan,0.46068620206854627,0.4494999647140503,nan,nan,nan,-0.10366258146568737,-0.12608689069747925,nan,nan,nan,nan,nan,nan,nan,nan,nan,nan,nan,nan,nan,nan,nan,nan,nan,3.1540000438690186,nan,0,0,0,0,1.9607608318328857,-5.637041091918945,-0.5034263666523207,FOLLOW_MAIN,,,,,,,,0,0,0,0,0,0,0,1.082383155822754,nan,nan,0.6961560249328613,0.33870697021484375,0.00010800361633300781,nan,nan
1784806151.4466078,42.215927839279175,33.7,0.0337,33.7,nan,nan,nan,nan,0.056,nan,nan,nan,nan,nan,nan,nan,nan,nan,nan,nan,nan,nan,nan,nan,nan,0.46068620206854627,0.4494999647140503,nan,nan,nan,-0.10366258146568737,-0.12608689069747925,nan,nan,nan,nan,nan,nan,nan,nan,nan,nan,nan,nan,nan,nan,nan,nan,nan,3.1540000438690186,nan,0,0,0,0,1.9607608318328857,-5.637041091918945,-0.5034263666523207,FOLLOW_MAIN,,,,,,,,0,0,0,0,0,0,0,8.058547973632812e-05,nan,nan,1.0386707782745361,0.6812214851379395,0.3426229953765869,nan,nan
1784806151.7962685,42.56558847427368,33.7,0.0337,33.7,nan,nan,nan,nan,0.056,nan,nan,nan,nan,nan,nan,nan,nan,nan,nan,nan,nan,nan,nan,nan,nan,0.43549414951097865,0.4494999647140503,nan,nan,nan,-0.11375343391539079,-0.12608689069747925,nan,nan,nan,nan,nan,nan,nan,nan,nan,nan,nan,nan,nan,nan,nan,nan,nan,3.1540000438690186,nan,0,0,0,0,1.9607608318328857,-5.637041091918945,-0.5034263666523207,FOLLOW_MAIN,,,,,,,,0,0,0,0,0,0,0,0.34977078437805176,nan,nan,0.00011706352233886719,1.0309116840362549,0.6923129558563232,nan,nan
1784806152.1369352,42.90625524520874,33.7,0.0337,33.7,nan,nan,nan,nan,0.056,nan,nan,nan,nan,nan,nan,nan,nan,nan,nan,nan,nan,nan,nan,nan,nan,0.43549414951097865,0.46399998664855957,nan,nan,nan,-0.11375343391539079,-0.12608708441257477,nan,nan,nan,nan,nan,nan,nan,nan,nan,nan,nan,nan,nan,nan,nan,nan,nan,3.1540000438690186,nan,0,0,0,0,2.4789679050445557,-5.961022853851318,-0.6285990005041084,FOLLOW_MAIN,,,,,,,,0,0,0,0,0,0,0,0.6904106140136719,nan,nan,0.3407573699951172,9.655952453613281e-05,1.0329530239105225,nan,nan
1784806152.5375822,43.306902170181274,33.7,0.0337,33.7,nan,nan,nan,nan,0.056,nan,nan,nan,nan,nan,nan,nan,nan,nan,nan,nan,nan,nan,nan,nan,nan,0.43549414951097865,0.46399998664855957,nan,nan,nan,-0.11375343391539079,-0.12608708441257477,nan,nan,nan,nan,nan,nan,nan,nan,nan,nan,nan,nan,nan,nan,nan,nan,nan,4.401000022888184,nan,0,0,0,0,2.4789679050445557,-5.961022853851318,-0.6285990005041084,FOLLOW_MAIN,,,,,,,,0,0,0,0,0,0,0,1.0910582542419434,nan,nan,0.7414050102233887,0.4007444381713867,9.274482727050781e-05,nan,nan
1784806152.8932083,43.66252827644348,33.7,0.0337,33.7,nan,nan,nan,nan,0.056,nan,nan,nan,nan,nan,nan,nan,nan,nan,nan,nan,nan,nan,nan,nan,nan,0.43549414951097865,0.46399998664855957,nan,nan,nan,-0.11375343391539079,-0.12608708441257477,nan,nan,nan,nan,nan,nan,nan,nan,nan,nan,nan,nan,nan,nan,nan,nan,nan,4.401000022888184,nan,0,0,0,0,2.4789679050445557,-5.961022853851318,-0.6285990005041084,FOLLOW_MAIN,,,,,,,,0,0,0,0,0,0,0,8.20159912109375e-05,nan,nan,1.09702730178833,0.7563669681549072,0.3557155132293701,nan,nan
1784806153.2350454,44.00436544418335,33.7,0.0337,33.7,nan,nan,nan,nan,0.056,nan,nan,nan,nan,nan,nan,nan,nan,nan,nan,nan,nan,nan,nan,nan,nan,0.4555505302134234,0.46399998664855957,nan,nan,nan,-0.10077619200853927,-0.12608708441257477,nan,nan,nan,nan,nan,nan,nan,nan,nan,nan,nan,nan,nan,nan,nan,nan,nan,4.401000022888184,nan,0,0,0,0,2.4789679050445557,-5.961022853851318,-0.6285990005041084,FOLLOW_MAIN,,,,,,,,0,0,0,0,0,0,0,0.3419189453125,nan,nan,8.511543273925781e-05,1.0982041358947754,0.6975524425506592,nan,nan
1784806153.5851083,44.3544282913208,33.7,0.0337,33.7,nan,nan,nan,nan,0.056,nan,nan,nan,nan,nan,nan,nan,nan,nan,nan,nan,nan,nan,nan,nan,nan,0.4555505302134234,0.4023749828338623,nan,nan,nan,-0.10077619200853927,0.28369569778442383,nan,nan,nan,nan,nan,nan,nan,nan,nan,nan,nan,nan,nan,nan,nan,nan,nan,4.401000022888184,nan,0,0,0,0,3.002190351486206,-6.39512300491333,-0.6898764133118429,FOLLOW_MAIN,,,,,,,,0,0,0,0,0,0,0,0.6919956207275391,nan,nan,0.3501620292663574,0.00012302398681640625,1.0476293563842773,nan,nan
1784806153.922798,44.69211792945862,33.7,0.0337,33.7,nan,nan,nan,nan,0.056,nan,nan,nan,nan,nan,nan,nan,nan,nan,nan,nan,nan,nan,nan,nan,nan,0.4555505302134234,0.4023749828338623,nan,nan,nan,-0.10077619200853927,0.28369569778442383,nan,nan,nan,nan,nan,nan,nan,nan,nan,nan,nan,nan,nan,nan,nan,nan,nan,4.368000030517578,nan,0,0,0,0,3.002190351486206,-6.39512300491333,-0.6898764133118429,FOLLOW_MAIN,,,,,,,,0,0,0,0,0,0,0,1.0296821594238281,nan,nan,0.6878488063812256,0.33781003952026367,0.00011277198791503906,nan,nan
1784806154.2671711,45.03649115562439,33.7,0.0337,33.7,nan,nan,nan,nan,0.056,nan,nan,nan,nan,nan,nan,nan,nan,nan,nan,nan,nan,nan,nan,nan,nan,0.4555505302134234,0.4023749828338623,nan,nan,nan,-0.10077619200853927,0.28369569778442383,nan,nan,nan,nan,nan,nan,nan,nan,nan,nan,nan,nan,nan,nan,nan,nan,nan,4.368000030517578,nan,0,0,0,0,3.002190351486206,-6.39512300491333,-0.6898764133118429,FOLLOW_MAIN,,,,,,,,0,0,0,0,0,0,0,0.00011610984802246094,nan,nan,1.0322318077087402,0.6821928024291992,0.3444957733154297,nan,nan
1784806154.6179187,45.38723874092102,33.7,0.0337,33.7,nan,nan,nan,nan,0.056,nan,nan,nan,nan,nan,nan,nan,nan,nan,nan,nan,nan,nan,nan,nan,nan,0.45483547158951154,0.4023749828338623,nan,nan,nan,-0.10133401688018018,0.28369569778442383,nan,nan,nan,nan,nan,nan,nan,nan,nan,nan,nan,nan,nan,nan,nan,nan,nan,4.368000030517578,nan,0,0,0,0,3.002190351486206,-6.39512300491333,-0.6898764133118429,FOLLOW_MAIN,,,,,,,,0,0,0,0,0,0,0,0.35086703300476074,nan,nan,0.0001671314239501953,1.0329437255859375,0.6952469348907471,nan,nan
1784806154.942829,45.712148904800415,33.7,0.0337,33.7,nan,nan,nan,nan,0.056,nan,nan,nan,nan,nan,nan,nan,nan,nan,nan,nan,nan,nan,nan,nan,nan,0.45483547158951154,0.45674997568130493,nan,nan,nan,-0.10133401688018018,-0.06304344534873962,nan,nan,nan,nan,nan,nan,nan,nan,nan,nan,nan,nan,nan,nan,nan,nan,nan,4.368000030517578,nan,0,0,0,0,3.435011386871338,-6.798075199127197,-0.8147328473046297,FOLLOW_MAIN,,,,,,,,0,0,0,0,0,0,0,0.6757550239562988,nan,nan,0.3250541687011719,9.34600830078125e-05,1.0201334953308105,nan,nan
1784806155.2938437,46.06316375732422,33.7,0.0337,33.7,nan,nan,nan,nan,0.056,nan,nan,nan,nan,nan,nan,nan,nan,nan,nan,nan,nan,nan,nan,nan,nan,0.4286988688731851,0.3697500228881836,nan,nan,nan,-0.11055225421989223,-0.06304344534873962,nan,nan,nan,nan,nan,nan,nan,nan,nan,nan,nan,nan,nan,nan,nan,nan,nan,4.367000102996826,nan,0,0,0,0,3.538321018218994,-6.911457538604736,-0.857791222865496,FOLLOW_MAIN,,,,,,,,0,0,0,0,0,0,0,0.343656063079834,nan,nan,0.3402256965637207,9.202957153320312e-05,0.347531795501709,nan,nan
1784806157.7370727,48.50639271736145,33.7,0.0337,33.7,nan,nan,nan,nan,0.056,nan,nan,nan,nan,nan,nan,nan,nan,nan,nan,nan,nan,nan,nan,nan,nan,0.4286988688731851,0.3697500228881836,nan,nan,nan,-0.11055225421989223,-0.06304344534873962,nan,nan,nan,nan,nan,nan,nan,nan,nan,nan,nan,nan,nan,nan,nan,nan,nan,4.370999813079834,nan,0,0,0,0,3.538321018218994,-6.911457538604736,-0.857791222865496,FOLLOW_MAIN,,,,,,,,0,0,0,0,0,0,0,2.786896228790283,nan,nan,2.78346586227417,2.4433326721191406,0.00012159347534179688,nan,nan
1784806158.1258616,48.89518165588379,33.7,0.0337,33.7,nan,nan,nan,nan,0.056,nan,nan,nan,nan,nan,nan,nan,nan,nan,nan,nan,nan,nan,nan,nan,nan,0.4286988688731851,0.3697500228881836,nan,nan,nan,-0.11055225421989223,-0.06304344534873962,nan,nan,nan,nan,nan,nan,nan,nan,nan,nan,nan,nan,nan,nan,nan,nan,nan,4.370999813079834,nan,0,0,0,0,3.538321018218994,-6.911457538604736,-0.857791222865496,FOLLOW_MAIN,,,,,,,,0,0,0,0,0,0,0,9.560585021972656e-05,nan,nan,3.172267198562622,2.8321337699890137,0.38892292976379395,nan,nan
1784806158.4699461,49.23926615715027,33.7,0.0337,33.7,nan,nan,nan,nan,0.056,nan,nan,nan,nan,nan,nan,nan,nan,nan,nan,nan,nan,nan,nan,nan,nan,0.47312021831582407,0.3697500228881836,nan,nan,nan,-0.10048148817835816,-0.06304344534873962,nan,nan,nan,nan,nan,nan,nan,nan,nan,nan,nan,nan,nan,nan,nan,nan,nan,4.370999813079834,nan,0,0,0,0,3.538321018218994,-6.911457538604736,-0.857791222865496,FOLLOW_MAIN,,,,,,,,0,0,0,0,0,0,0,0.3442108631134033,nan,nan,0.00013780593872070312,3.176236629486084,0.7330257892608643,nan,nan
1784806158.8148587,49.58417868614197,33.7,0.0337,33.7,nan,nan,nan,nan,0.056,nan,nan,nan,nan,nan,nan,nan,nan,nan,nan,nan,nan,nan,nan,nan,nan,0.47312021831582407,0.4676249921321869,nan,nan,nan,-0.10048148817835816,-0.09456529468297958,nan,nan,nan,nan,nan,nan,nan,nan,nan,nan,nan,nan,nan,nan,nan,nan,nan,4.370999813079834,nan,0,0,0,0,4.315424919128418,-8.20482063293457,-1.2196276864455469,FOLLOW_MAIN,,,,,,,,0,0,0,0,0,0,0,0.6890933513641357,nan,nan,0.345020055770874,0.0001087188720703125,1.0779070854187012,nan,nan
1784806159.1574304,49.92675042152405,33.7,0.0337,33.7,nan,nan,nan,nan,0.056,nan,nan,nan,nan,nan,nan,nan,nan,nan,nan,nan,nan,nan,nan,nan,nan,0.47312021831582407,0.4676249921321869,nan,nan,nan,-0.10048148817835816,-0.09456529468297958,nan,nan,nan,nan,nan,nan,nan,nan,nan,nan,nan,nan,nan,nan,nan,nan,nan,4.368000030517578,nan,0,0,0,0,4.315424919128418,-8.20482063293457,-1.2196276864455469,FOLLOW_MAIN,,,,,,,,0,0,0,0,0,0,0,1.0316636562347412,nan,nan,0.6875901222229004,0.3426797389984131,0.00013017654418945312,nan,nan
1784806159.4882767,50.25759673118591,33.7,0.0337,33.7,nan,nan,nan,nan,0.056,nan,nan,nan,nan,nan,nan,nan,nan,nan,nan,nan,nan,nan,nan,nan,nan,0.47312021831582407,0.4676249921321869,nan,nan,nan,-0.10048148817835816,-0.09456529468297958,nan,nan,nan,nan,nan,nan,nan,nan,nan,nan,nan,nan,nan,nan,nan,nan,nan,4.368000030517578,nan,0,0,0,0,4.315424919128418,-8.20482063293457,-1.2196276864455469,FOLLOW_MAIN,,,,,,,,0,0,0,0,0,0,0,9.512901306152344e-05,nan,nan,1.018434762954712,0.6735239028930664,0.3309743404388428,nan,nan
1784806159.8045979,50.573917865753174,33.7,0.0337,33.7,nan,nan,nan,nan,0.056,nan,nan,nan,nan,nan,nan,nan,nan,nan,nan,nan,nan,nan,nan,nan,nan,0.4172066197446991,0.4205000102519989,nan,nan,nan,-0.08998463982412368,-0.1260870099067688,nan,nan,nan,nan,nan,nan,nan,nan,nan,nan,nan,nan,nan,nan,nan,nan,nan,4.368000030517578,nan,0,0,0,0,4.425711154937744,-8.557918548583984,-1.334240778704844,FOLLOW_MAIN,,,,,,,,0,0,0,0,0,0,0,0.31641197204589844,nan,nan,0.31285548210144043,0.00010657310485839844,0.6472907066345215,nan,nan
1784806160.1560788,50.92539882659912,33.7,0.0337,33.7,nan,nan,nan,nan,0.056,nan,nan,nan,nan,nan,nan,nan,nan,nan,nan,nan,nan,nan,nan,nan,nan,0.0,0.3334999978542328,nan,nan,nan,0.0,-0.06304337829351425,nan,nan,nan,nan,nan,nan,nan,nan,nan,nan,nan,nan,nan,nan,nan,nan,nan,4.369999885559082,nan,0,0,0,0,4.431729316711426,-8.58288288116455,-1.339094937745808,FOLLOW_MAIN,,,,,,,,0,0,0,0,0,0,0,0.32994580268859863,nan,nan,0.0001537799835205078,0.3372626304626465,0.3336677551269531,nan,nan
1784806160.5115879,51.28090786933899,33.7,0.0337,33.7,nan,nan,nan,nan,0.056,nan,nan,nan,nan,nan,nan,nan,nan,nan,nan,nan,nan,nan,nan,nan,nan,0.0,0.0,nan,nan,nan,0.0,-0.06304347515106201,nan,nan,nan,nan,nan,nan,nan,nan,nan,nan,nan,nan,nan,nan,nan,nan,nan,4.36899995803833,nan,0,0,0,0,4.438032627105713,-8.6094970703125,-1.3359110931703946,FOLLOW_MAIN,,,,,,,,0,0,0,0,0,0,0,0.6854383945465088,nan,nan,0.35564589500427246,0.35169458389282227,9.226799011230469e-05,nan,nan
1784806160.8561118,51.62543177604675,33.7,0.0337,33.7,nan,nan,nan,nan,0.056,nan,nan,nan,nan,nan,nan,nan,nan,nan,nan,nan,nan,nan,nan,nan,nan,0.0,0.0,nan,nan,nan,0.0,-0.06304347515106201,nan,nan,nan,nan,nan,nan,nan,nan,nan,nan,nan,nan,nan,nan,nan,nan,nan,4.36899995803833,nan,0,0,0,0,4.438032627105713,-8.6094970703125,-1.3359110931703946,FOLLOW_MAIN,,,,,,,,0,0,0,0,0,0,0,8.940696716308594e-05,nan,nan,0.7001757621765137,0.6962239742279053,0.3446216583251953,nan,nan
1784806161.2085652,51.977885246276855,33.7,0.0337,33.7,nan,nan,nan,nan,0.056,nan,nan,nan,nan,nan,nan,nan,nan,nan,nan,nan,nan,nan,nan,nan,nan,0.0,0.0,nan,nan,nan,0.0,-0.06304347515106201,nan,nan,nan,nan,nan,nan,nan,nan,nan,nan,nan,nan,nan,nan,nan,nan,nan,4.36899995803833,nan,0,0,0,0,4.438032627105713,-8.6094970703125,-1.3359110931703946,FOLLOW_MAIN,,,,,,,,0,0,0,0,0,0,0,0.3525352478027344,nan,nan,8.797645568847656e-05,1.0486700534820557,0.6970677375793457,nan,nan
1784806161.5537388,52.32305884361267,33.7,0.0337,33.7,nan,nan,nan,nan,0.056,nan,nan,nan,nan,nan,nan,nan,nan,nan,nan,nan,nan,nan,nan,nan,nan,0.0,0.0,nan,nan,nan,0.0,0.0,nan,nan,nan,nan,nan,nan,nan,nan,nan,nan,nan,nan,nan,nan,nan,nan,nan,4.36899995803833,nan,0,0,0,0,4.438032627105713,-8.6094970703125,-1.3359110931703946,FOLLOW_MAIN,,,,,,,,0,0,0,0,0,0,0,0.6977200508117676,nan,nan,0.3452730178833008,0.00010633468627929688,1.042252540588379,nan,nan
1784806161.904456,52.67377591133118,33.7,0.0337,33.7,nan,nan,nan,nan,0.056,nan,nan,nan,nan,nan,nan,nan,nan,nan,nan,nan,nan,nan,nan,nan,nan,0.0,0.0,nan,nan,nan,0.0,0.0,nan,nan,nan,nan,nan,nan,nan,nan,nan,nan,nan,nan,nan,nan,nan,nan,nan,4.361999988555908,nan,0,0,0,0,4.438032627105713,-8.6094970703125,-1.3359110931703946,FOLLOW_MAIN,,,,,,,,0,0,0,0,0,0,0,1.0484330654144287,nan,nan,0.6959860324859619,0.35081982612609863,0.00011801719665527344,nan,nan
1784806162.2567337,53.02605366706848,33.7,0.0337,33.7,nan,nan,nan,nan,0.056,nan,nan,nan,nan,nan,nan,nan,nan,nan,nan,nan,nan,nan,nan,nan,nan,0.0,0.0,nan,nan,nan,0.0,0.0,nan,nan,nan,nan,nan,nan,nan,nan,nan,nan,nan,nan,nan,nan,nan,nan,nan,4.361999988555908,nan,0,0,0,0,4.438032627105713,-8.6094970703125,-1.3359110931703946,FOLLOW_MAIN,,,,,,,,0,0,0,0,0,0,0,9.417533874511719e-05,nan,nan,1.048262119293213,0.7030956745147705,0.35239410400390625,nan,nan
1784806162.606727,53.376046895980835,33.7,0.0337,33.7,nan,nan,nan,nan,0.056,nan,nan,nan,nan,nan,nan,nan,nan,nan,nan,nan,nan,nan,nan,nan,nan,0.0,0.0,nan,nan,nan,0.0,0.0,nan,nan,nan,nan,nan,nan,nan,nan,nan,nan,nan,nan,nan,nan,nan,nan,nan,4.361999988555908,nan,0,0,0,0,4.438032627105713,-8.6094970703125,-1.3359110931703946,FOLLOW_MAIN,,,,,,,,0,0,0,0,0,0,0,0.3500821590423584,nan,nan,0.0001163482666015625,1.0530834197998047,0.7023816108703613,nan,nan
1784806162.9410193,53.710339307785034,33.7,0.0337,33.7,nan,nan,nan,nan,0.056,nan,nan,nan,nan,nan,nan,nan,nan,nan,nan,nan,nan,nan,nan,nan,nan,0.0,0.0,nan,nan,nan,0.0,0.0,nan,nan,nan,nan,nan,nan,nan,nan,nan,nan,nan,nan,nan,nan,nan,nan,nan,4.361999988555908,nan,0,0,0,0,4.438032627105713,-8.6094970703125,-1.3359110931703946,FOLLOW_MAIN,,,,,,,,0,0,0,0,0,0,0,0.6844000816345215,nan,nan,0.33443498611450195,0.00012564659118652344,1.0367004871368408,nan,nan
1784806163.2836921,54.05301213264465,33.7,0.0337,33.7,nan,nan,nan,nan,0.056,nan,nan,nan,nan,nan,nan,nan,nan,nan,nan,nan,nan,nan,nan,nan,nan,0.0,0.0,nan,nan,nan,0.0,0.0,nan,nan,nan,nan,nan,nan,nan,nan,nan,nan,nan,nan,nan,nan,nan,nan,nan,4.36899995803833,nan,0,0,0,0,4.438032627105713,-8.6094970703125,-1.3359110931703946,FOLLOW_MAIN,,,,,,,,0,0,0,0,0,0,0,1.0270497798919678,nan,nan,0.6770844459533691,0.3427748680114746,9.942054748535156e-05,nan,nan
1784806163.6313264,54.400646448135376,33.7,0.0337,33.7,nan,nan,nan,nan,0.056,nan,nan,nan,nan,nan,nan,nan,nan,nan,nan,nan,nan,nan,nan,nan,nan,0.0,0.0,nan,nan,nan,0.0,0.0,nan,nan,nan,nan,nan,nan,nan,nan,nan,nan,nan,nan,nan,nan,nan,nan,nan,4.36899995803833,nan,0,0,0,0,4.438032627105713,-8.6094970703125,-1.3359110931703946,FOLLOW_MAIN,,,,,,,,0,0,0,0,0,0,0,8.368492126464844e-05,nan,nan,1.024716854095459,0.6904072761535645,0.3477320671081543,nan,nan
1784806163.9693692,54.73868918418884,33.7,0.0337,33.7,nan,nan,nan,nan,0.056,nan,nan,nan,nan,nan,nan,nan,nan,nan,nan,nan,nan,nan,nan,nan,nan,0.0,0.0,nan,nan,nan,0.0,0.0,nan,nan,nan,nan,nan,nan,nan,nan,nan,nan,nan,nan,nan,nan,nan,nan,nan,4.36899995803833,nan,0,0,0,0,4.438032627105713,-8.6094970703125,-1.3359110931703946,FOLLOW_MAIN,,,,,,,,0,0,0,0,0,0,0,0.3381340503692627,nan,nan,9.5367431640625e-05,1.0284571647644043,0.685781717300415,nan,nan
1784806164.3230639,55.09238386154175,33.7,0.0337,33.7,nan,nan,nan,nan,0.056,nan,nan,nan,nan,nan,nan,nan,nan,nan,nan,nan,nan,nan,nan,nan,nan,0.0,0.0,nan,nan,nan,0.0,0.0,nan,nan,nan,nan,nan,nan,nan,nan,nan,nan,nan,nan,nan,nan,nan,nan,nan,4.36899995803833,nan,0,0,0,0,4.438032627105713,-8.6094970703125,-1.3359110931703946,FOLLOW_MAIN,,,,,,,,0,0,0,0,0,0,0,0.6918423175811768,nan,nan,0.3538053035736084,0.00013899803161621094,1.0394916534423828,nan,nan
1784806164.6913922,55.46071219444275,33.7,0.0337,33.7,nan,nan,nan,nan,0.056,nan,nan,nan,nan,nan,nan,nan,nan,nan,nan,nan,nan,nan,nan,nan,nan,0.0,0.0,nan,nan,nan,0.0,0.0,nan,nan,nan,nan,nan,nan,nan,nan,nan,nan,nan,nan,nan,nan,nan,nan,nan,4.363999843597412,nan,0,0,0,0,4.438032627105713,-8.6094970703125,-1.3359110931703946,FOLLOW_MAIN,,,,,,,,0,0,0,0,0,0,0,1.0601773262023926,nan,nan,0.7221388816833496,0.3684728145599365,0.00011467933654785156,nan,nan
1784806165.0190897,55.78840970993042,33.7,0.0337,33.7,nan,nan,nan,nan,0.056,nan,nan,nan,nan,nan,nan,nan,nan,nan,nan,nan,nan,nan,nan,nan,nan,0.0,0.0,nan,nan,nan,0.0,0.0,nan,nan,nan,nan,nan,nan,nan,nan,nan,nan,nan,nan,nan,nan,nan,nan,nan,4.363999843597412,nan,0,0,0,0,4.438032627105713,-8.6094970703125,-1.3359110931703946,FOLLOW_MAIN,,,,,,,,0,0,0,0,0,0,0,0.00011873245239257812,nan,nan,1.049842357635498,0.6961760520935059,0.3278181552886963,nan,nan
1784806165.3848808,56.15420079231262,33.7,0.0337,33.7,nan,nan,nan,nan,0.056,nan,nan,nan,nan,nan,nan,nan,nan,nan,nan,nan,nan,nan,nan,nan,nan,0.0,0.0,nan,nan,nan,0.0,0.0,nan,nan,nan,nan,nan,nan,nan,nan,nan,nan,nan,nan,nan,nan,nan,nan,nan,4.372000217437744,nan,0,0,0,0,4.438032627105713,-8.6094970703125,-1.3359110931703946,FOLLOW_MAIN,,,,,,,,0,0,0,0,0,0,0,0.36588573455810547,nan,nan,0.36244940757751465,0.3589198589324951,0.00011539459228515625,nan,nan
1784806165.734651,56.503971099853516,33.7,0.0337,33.7,nan,nan,nan,nan,0.056,nan,nan,nan,nan,nan,nan,nan,nan,nan,nan,nan,nan,nan,nan,nan,nan,0.0,0.0,nan,nan,nan,0.0,0.0,nan,nan,nan,nan,nan,nan,nan,nan,nan,nan,nan,nan,nan,nan,nan,nan,nan,4.372000217437744,nan,0,0,0,0,4.438032627105713,-8.6094970703125,-1.3359110931703946,FOLLOW_MAIN,,,,,,,,0,0,0,0,0,0,0,9.703636169433594e-05,nan,nan,0.7122175693511963,0.7086880207061768,0.3498837947845459,nan,nan
1784806166.0738087,56.84312868118286,33.7,0.0337,33.7,nan,nan,nan,nan,0.056,nan,nan,nan,nan,nan,nan,nan,nan,nan,nan,nan,nan,nan,nan,nan,nan,0.0,0.0,nan,nan,nan,0.0,0.0,nan,nan,nan,nan,nan,nan,nan,nan,nan,nan,nan,nan,nan,nan,nan,nan,nan,4.372000217437744,nan,0,0,0,0,4.438032627105713,-8.6094970703125,-1.3359110931703946,FOLLOW_MAIN,,,,,,,,0,0,0,0,0,0,0,0.339266300201416,nan,nan,0.00011157989501953125,1.0478575229644775,0.6890535354614258,nan,nan
1784806166.4228709,57.19219088554382,33.7,0.0337,33.7,nan,nan,nan,nan,0.056,nan,nan,nan,nan,nan,nan,nan,nan,nan,nan,nan,nan,nan,nan,nan,nan,0.0,0.0,nan,nan,nan,0.0,0.0,nan,nan,nan,nan,nan,nan,nan,nan,nan,nan,nan,nan,nan,nan,nan,nan,nan,4.372000217437744,nan,0,0,0,0,4.438032627105713,-8.6094970703125,-1.3359110931703946,FOLLOW_MAIN,,,,,,,,0,0,0,0,0,0,0,0.6883628368377686,nan,nan,0.3492093086242676,0.0001888275146484375,1.0381522178649902,nan,nan
1784806166.779828,57.549148082733154,33.7,0.0337,33.7,nan,nan,nan,nan,0.056,nan,nan,nan,nan,nan,nan,nan,nan,nan,nan,nan,nan,nan,nan,nan,nan,0.0,0.0,nan,nan,nan,0.0,0.0,nan,nan,nan,nan,nan,nan,nan,nan,nan,nan,nan,nan,nan,nan,nan,nan,nan,4.370999813079834,nan,0,0,0,0,4.438032627105713,-8.6094970703125,-1.3359110931703946,FOLLOW_MAIN,,,,,,,,0,0,0,0,0,0,0,1.0452675819396973,nan,nan,0.7061126232147217,0.35709142684936523,9.250640869140625e-05,nan,nan
1784806167.133373,57.902693033218384,33.7,0.0337,33.7,nan,nan,nan,nan,0.056,nan,nan,nan,nan,nan,nan,nan,nan,nan,nan,nan,nan,nan,nan,nan,nan,0.0,0.0,nan,nan,nan,0.0,0.0,nan,nan,nan,nan,nan,nan,nan,nan,nan,nan,nan,nan,nan,nan,nan,nan,nan,4.370999813079834,nan,0,0,0,0,4.438032627105713,-8.6094970703125,-1.3359110931703946,FOLLOW_MAIN,,,,,,,,0,0,0,0,0,0,0,0.00012636184692382812,nan,nan,1.0596857070922852,0.7106645107269287,0.353665828704834,nan,nan
1784806167.5141754,58.28349542617798,33.7,0.0337,33.7,nan,nan,nan,nan,0.056,nan,nan,nan,nan,nan,nan,nan,nan,nan,nan,nan,nan,nan,nan,nan,nan,0.0,0.0,nan,nan,nan,0.0,0.0,nan,nan,nan,nan,nan,nan,nan,nan,nan,nan,nan,nan,nan,nan,nan,nan,nan,4.370999813079834,nan,0,0,0,0,4.438032627105713,-8.6094970703125,-1.3359110931703946,FOLLOW_MAIN,,,,,,,,0,0,0,0,0,0,0,0.3809666633605957,nan,nan,0.00016617774963378906,1.0915052890777588,0.7345066070556641,nan,nan
1784806167.8828723,58.65219235420227,33.7,0.0337,33.7,nan,nan,nan,nan,0.056,nan,nan,nan,nan,nan,nan,nan,nan,nan,nan,nan,nan,nan,nan,nan,nan,0.0,0.0,nan,nan,nan,0.0,0.0,nan,nan,nan,nan,nan,nan,nan,nan,nan,nan,nan,nan,nan,nan,nan,nan,nan,4.370999813079834,nan,0,0,0,0,4.438032627105713,-8.6094970703125,-1.3359110931703946,FOLLOW_MAIN,,,,,,,,0,0,0,0,0,0,0,0.7496039867401123,nan,nan,0.3688030242919922,0.00010013580322265625,1.1031427383422852,nan,nan
1784806168.2249472,58.9942672252655,33.7,0.0337,33.7,nan,nan,nan,nan,0.056,nan,nan,nan,nan,nan,nan,nan,nan,nan,nan,nan,nan,nan,nan,nan,nan,0.0,0.0,nan,nan,nan,0.0,0.0,nan,nan,nan,nan,nan,nan,nan,nan,nan,nan,nan,nan,nan,nan,nan,nan,nan,4.370999813079834,nan,0,0,0,0,4.438032627105713,-8.6094970703125,-1.3359110931703946,FOLLOW_MAIN,,,,,,,,0,0,0,0,0,0,0,1.0916788578033447,nan,nan,0.7108783721923828,0.3421754837036133,0.00010228157043457031,nan,nan
1784806168.5803642,59.34968423843384,33.7,0.0337,33.7,nan,nan,nan,nan,0.056,nan,nan,nan,nan,nan,nan,nan,nan,nan,nan,nan,nan,nan,nan,nan,nan,0.0,0.0,nan,nan,nan,0.0,0.0,nan,nan,nan,nan,nan,nan,nan,nan,nan,nan,nan,nan,nan,nan,nan,nan,nan,4.370999813079834,nan,0,0,0,0,4.438032627105713,-8.6094970703125,-1.3359110931703946,FOLLOW_MAIN,,,,,,,,0,0,0,0,0,0,0,0.00017213821411132812,nan,nan,1.066368579864502,0.6976656913757324,0.3555927276611328,nan,nan
1784806168.9258165,59.69513654708862,33.7,0.0337,33.7,nan,nan,nan,nan,0.056,nan,nan,nan,nan,nan,nan,nan,nan,nan,nan,nan,nan,nan,nan,nan,nan,0.0,0.0,nan,nan,nan,0.0,0.0,nan,nan,nan,nan,nan,nan,nan,nan,nan,nan,nan,nan,nan,nan,nan,nan,nan,4.370999813079834,nan,0,0,0,0,4.438032627105713,-8.6094970703125,-1.3359110931703946,FOLLOW_MAIN,,,,,,,,0,0,0,0,0,0,0,0.3455488681793213,nan,nan,9.1552734375e-05,1.0430419445037842,0.7009689807891846,nan,nan
1784806169.277965,60.047285079956055,33.7,0.0337,33.7,nan,nan,nan,nan,0.056,nan,nan,nan,nan,nan,nan,nan,nan,nan,nan,nan,nan,nan,nan,nan,nan,0.0,0.0,nan,nan,nan,0.0,0.0,nan,nan,nan,nan,nan,nan,nan,nan,nan,nan,nan,nan,nan,nan,nan,nan,nan,4.370999813079834,nan,0,0,0,0,4.438032627105713,-8.6094970703125,-1.3359110931703946,FOLLOW_MAIN,,,,,,,,0,0,0,0,0,0,0,0.6976895332336426,nan,nan,0.3522322177886963,8.893013000488281e-05,1.0531089305877686,nan,nan
1784806169.647084,60.416404008865356,33.7,0.0337,33.7,nan,nan,nan,nan,0.056,nan,nan,nan,nan,nan,nan,nan,nan,nan,nan,nan,nan,nan,nan,nan,nan,0.0,0.0,nan,nan,nan,0.0,0.0,nan,nan,nan,nan,nan,nan,nan,nan,nan,nan,nan,nan,nan,nan,nan,nan,nan,4.36899995803833,nan,0,0,0,0,4.438032627105713,-8.6094970703125,-1.3359110931703946,FOLLOW_MAIN,,,,,,,,0,0,0,0,0,0,0,1.0668141841888428,nan,nan,0.7213571071624756,0.3692140579223633,0.00012564659118652344,nan,nan
1784806169.9825428,60.75186276435852,33.7,0.0337,33.7,nan,nan,nan,nan,0.056,nan,nan,nan,nan,nan,nan,nan,nan,nan,nan,nan,nan,nan,nan,nan,nan,0.0,0.0,nan,nan,nan,0.0,0.0,nan,nan,nan,nan,nan,nan,nan,nan,nan,nan,nan,nan,nan,nan,nan,nan,nan,4.36899995803833,nan,0,0,0,0,4.438032627105713,-8.6094970703125,-1.3359110931703946,FOLLOW_MAIN,,,,,,,,0,0,0,0,0,0,0,0.00010251998901367188,nan,nan,1.0568242073059082,0.7046809196472168,0.33559322357177734,nan,nan
1784806170.3296418,61.09896183013916,33.7,0.0337,33.7,nan,nan,nan,nan,0.056,nan,nan,nan,nan,nan,nan,nan,nan,nan,nan,nan,nan,nan,nan,nan,nan,0.0,0.0,nan,nan,nan,0.0,0.0,nan,nan,nan,nan,nan,nan,nan,nan,nan,nan,nan,nan,nan,nan,nan,nan,nan,4.36899995803833,nan,0,0,0,0,4.438032627105713,-8.6094970703125,-1.3359110931703946,FOLLOW_MAIN,,,,,,,,0,0,0,0,0,0,0,0.34718918800354004,nan,nan,8.368492126464844e-05,1.051767349243164,0.6826791763305664,nan,nan
1784806172.5393271,63.30864715576172,33.7,0.0337,33.7,nan,nan,nan,nan,0.056,nan,nan,nan,nan,nan,nan,nan,nan,nan,nan,nan,nan,nan,nan,nan,nan,0.0,0.0,nan,nan,nan,0.0,0.0,nan,nan,nan,nan,nan,nan,nan,nan,nan,nan,nan,nan,nan,nan,nan,nan,nan,4.36899995803833,nan,0,0,0,0,4.438032627105713,-8.6094970703125,-1.3359110931703946,FOLLOW_MAIN,,,,,,,,0,0,0,0,0,0,0,2.556889772415161,nan,nan,2.209784507751465,0.00012922286987304688,2.8923799991607666,nan,nan
1784806172.87846,63.64777994155884,33.7,0.0337,33.7,nan,nan,nan,nan,0.056,nan,nan,nan,nan,nan,nan,nan,nan,nan,nan,nan,nan,nan,nan,nan,nan,0.0,0.0,nan,nan,nan,0.0,0.0,nan,nan,nan,nan,nan,nan,nan,nan,nan,nan,nan,nan,nan,nan,nan,nan,nan,4.367000102996826,nan,0,0,0,0,4.438032627105713,-8.6094970703125,-1.3359110931703946,FOLLOW_MAIN,,,,,,,,0,0,0,0,0,0,0,2.896045207977295,nan,nan,2.5489399433135986,0.33928465843200684,0.000152587890625,nan,nan
1784806173.2469923,64.01631236076355,33.7,0.0337,33.7,nan,nan,nan,nan,0.056,nan,nan,nan,nan,nan,nan,nan,nan,nan,nan,nan,nan,nan,nan,nan,nan,0.0,0.0,nan,nan,nan,0.0,0.0,nan,nan,nan,nan,nan,nan,nan,nan,nan,nan,nan,nan,nan,nan,nan,nan,nan,4.367000102996826,nan,0,0,0,0,4.438032627105713,-8.6094970703125,-1.3359110931703946,FOLLOW_MAIN,,,,,,,,0,0,0,0,0,0,0,9.131431579589844e-05,nan,nan,2.9174416065216064,0.7077867984771729,0.368654727935791,nan,nan
1784806173.6100519,64.37937188148499,33.7,0.0337,33.7,nan,nan,nan,nan,0.056,nan,nan,nan,nan,nan,nan,nan,nan,nan,nan,nan,nan,nan,nan,nan,nan,0.0,0.0,nan,nan,nan,0.0,0.0,nan,nan,nan,nan,nan,nan,nan,nan,nan,nan,nan,nan,nan,nan,nan,nan,nan,4.367000102996826,nan,0,0,0,0,4.438032627105713,-8.6094970703125,-1.3359110931703946,FOLLOW_MAIN,,,,,,,,0,0,0,0,0,0,0,0.36315131187438965,nan,nan,9.465217590332031e-05,1.0708465576171875,0.7317142486572266,nan,nan
1784806173.9397402,64.70906019210815,33.7,0.0337,33.7,nan,nan,nan,nan,0.056,nan,nan,nan,nan,nan,nan,nan,nan,nan,nan,nan,nan,nan,nan,nan,nan,0.0,0.0,nan,nan,nan,0.0,0.0,nan,nan,nan,nan,nan,nan,nan,nan,nan,nan,nan,nan,nan,nan,nan,nan,nan,4.367000102996826,nan,0,0,0,0,4.438032627105713,-8.6094970703125,-1.3359110931703946,FOLLOW_MAIN,,,,,,,,0,0,0,0,0,0,0,0.6928391456604004,nan,nan,0.32978224754333496,9.918212890625e-05,1.061401605606079,nan,nan
1784806174.2836158,65.05293583869934,33.7,0.0337,33.7,nan,nan,nan,nan,0.056,nan,nan,nan,nan,nan,nan,nan,nan,nan,nan,nan,nan,nan,nan,nan,nan,0.0,0.0,nan,nan,nan,0.0,0.0,nan,nan,nan,nan,nan,nan,nan,nan,nan,nan,nan,nan,nan,nan,nan,nan,nan,4.36899995803833,nan,0,0,0,0,4.438032627105713,-8.6094970703125,-1.3359110931703946,FOLLOW_MAIN,,,,,,,,0,0,0,0,0,0,0,0.3365771770477295,nan,nan,8.463859558105469e-05,0.34396839141845703,0.34038615226745605,nan,nan
1784806174.6303892,65.39970922470093,33.7,0.0337,33.7,nan,nan,nan,nan,0.056,nan,nan,nan,nan,nan,nan,nan,nan,nan,nan,nan,nan,nan,nan,nan,nan,0.0,0.0,nan,nan,nan,0.0,0.0,nan,nan,nan,nan,nan,nan,nan,nan,nan,nan,nan,nan,nan,nan,nan,nan,nan,4.36899995803833,nan,0,0,0,0,4.438032627105713,-8.6094970703125,-1.3359110931703946,FOLLOW_MAIN,,,,,,,,0,0,0,0,0,0,0,0.6833841800689697,nan,nan,0.3468918800354004,0.0001270771026611328,0.6871938705444336,nan,nan
1784806174.9971216,65.76644158363342,33.7,0.0337,33.7,nan,nan,nan,nan,0.056,nan,nan,nan,nan,nan,nan,nan,nan,nan,nan,nan,nan,nan,nan,nan,nan,0.0,0.0,nan,nan,nan,0.0,0.0,nan,nan,nan,nan,nan,nan,nan,nan,nan,nan,nan,nan,nan,nan,nan,nan,nan,4.366000175476074,nan,0,0,0,0,4.438032627105713,-8.6094970703125,-1.3359110931703946,FOLLOW_MAIN,,,,,,,,0,0,0,0,0,0,0,1.050102949142456,nan,nan,0.7136108875274658,0.36684632301330566,0.00011873245239257812,nan,nan
1784806175.392203,66.16152310371399,33.7,0.0337,33.7,nan,nan,nan,nan,0.056,nan,nan,nan,nan,nan,nan,nan,nan,nan,nan,nan,nan,nan,nan,nan,nan,0.0,0.0,nan,nan,nan,0.0,0.0,nan,nan,nan,nan,nan,nan,nan,nan,nan,nan,nan,nan,nan,nan,nan,nan,nan,4.366000175476074,nan,0,0,0,0,4.438032627105713,-8.6094970703125,-1.3359110931703946,FOLLOW_MAIN,,,,,,,,0,0,0,0,0,0,0,9.202957153320312e-05,nan,nan,1.108677864074707,0.7619130611419678,0.3951849937438965,nan,nan
1784806175.777311,66.54663109779358,33.7,0.0337,33.7,nan,nan,nan,nan,0.056,nan,nan,nan,nan,nan,nan,nan,nan,nan,nan,nan,nan,nan,nan,nan,nan,0.0,0.0,nan,nan,nan,0.0,0.0,nan,nan,nan,nan,nan,nan,nan,nan,nan,nan,nan,nan,nan,nan,nan,nan,nan,4.366000175476074,nan,0,0,0,0,4.438032627105713,-8.6094970703125,-1.3359110931703946,FOLLOW_MAIN,,,,,,,,0,0,0,0,0,0,0,0.385204553604126,nan,nan,0.00010156631469726562,1.1470255851745605,0.7802977561950684,nan,nan
1784806176.1426065,66.91192650794983,33.7,0.0337,33.7,nan,nan,nan,nan,0.056,nan,nan,nan,nan,nan,nan,nan,nan,nan,nan,nan,nan,nan,nan,nan,nan,0.0,0.0,nan,nan,nan,0.0,0.0,nan,nan,nan,nan,nan,nan,nan,nan,nan,nan,nan,nan,nan,nan,nan,nan,nan,4.366000175476074,nan,0,0,0,0,4.438032627105713,-8.6094970703125,-1.3359110931703946,FOLLOW_MAIN,,,,,,,,0,0,0,0,0,0,0,0.7505121231079102,nan,nan,0.36540889739990234,0.00013136863708496094,1.1456053256988525,nan,nan
1784806176.5240307,67.29335069656372,33.7,0.0337,33.7,nan,nan,nan,nan,0.056,nan,nan,nan,nan,nan,nan,nan,nan,nan,nan,nan,nan,nan,nan,nan,nan,0.0,0.0,nan,nan,nan,0.0,0.0,nan,nan,nan,nan,nan,nan,nan,nan,nan,nan,nan,nan,nan,nan,nan,nan,nan,4.369999885559082,nan,0,0,0,0,4.438032627105713,-8.6094970703125,-1.3359110931703946,FOLLOW_MAIN,,,,,,,,0,0,0,0,0,0,0,1.131913661956787,nan,nan,0.7468104362487793,0.3815329074859619,8.58306884765625e-05,nan,nan
