t_s,wall_time_s,debug_age_s,cmd_age_s,odom_age_s,control_error_age_s,mode,mode_code,raw_valid,cmd_published,lane_state,confidence,fps_est,epsilon_x_mm,e_x_f_mm,e_x_used_mm,theta_raw_rad,theta_f_rad,theta_used_rad,de_x_f,dtheta_f,k_lat_used,k_theta_used,kd_lat,kd_theta,p_lat,p_theta,d_lat,d_theta,v_des,v_ref,v_cmd_internal,cmd_v_topic,odom_v,omega_raw,omega_des,omega_ref,omega_cmd_internal,cmd_omega_topic,odom_omega,omega_limit,curve_confirmed,curve_evidence,center_zone,near_zone,large_error,slow_factor,kappa_m,L_d_m,v_left_est,v_right_est,delta_v_cmd,odom_x,odom_y,odom_yaw,linear_tracking_error,angular_tracking_error
0.4136636257171631,1784883488.17768,nan,nan,3.314018249511719e-05,nan,,0,0,0,,nan,nan,nan,nan,nan,nan,nan,nan,nan,nan,nan,nan,nan,nan,nan,nan,nan,nan,nan,nan,nan,nan,0.06525000184774399,nan,nan,nan,nan,nan,-0.37826085090637207,nan,0,nan,0,0,0,nan,nan,nan,nan,nan,nan,9.445239067077637,-2.3704965114593506,1.4776865186276926,nan,nan
1.2428863048553467,1784883489.0069027,nan,nan,3.600120544433594e-05,nan,,0,0,0,,nan,nan,nan,nan,nan,nan,nan,nan,nan,nan,nan,nan,nan,nan,nan,nan,nan,nan,nan,nan,nan,nan,0.08700000494718552,nan,nan,nan,nan,nan,-0.37826088070869446,nan,0,nan,0,0,0,nan,nan,nan,nan,nan,nan,9.447664260864258,-2.350025177001953,1.3983141393090246,nan,nan
1.5586528778076172,1784883489.3226693,nan,nan,5.9604644775390625e-05,nan,,0,0,0,,nan,nan,nan,nan,nan,nan,nan,nan,nan,nan,nan,nan,nan,nan,nan,nan,nan,nan,nan,nan,nan,nan,0.04712499678134918,nan,nan,nan,nan,nan,-0.4097825586795807,nan,0,nan,0,0,0,nan,nan,nan,nan,nan,nan,9.450849533081055,-2.333728075027466,1.3077837348782246,nan,nan
1.8946452140808105,1784883489.6586618,nan,nan,0.32100582122802734,nan,,0,0,0,,nan,nan,nan,nan,nan,nan,nan,nan,nan,nan,nan,nan,nan,nan,nan,nan,nan,nan,nan,nan,nan,nan,0.057999998331069946,nan,nan,nan,nan,nan,-0.5043478012084961,nan,0,nan,0,0,0,nan,nan,nan,nan,nan,nan,9.459832191467285,-2.3093101978302,1.0810780621978353,nan,nan
2.2317209243774414,1784883489.9957378,nan,nan,0.6580817699432373,nan,,0,0,0,,nan,nan,nan,nan,nan,nan,nan,nan,nan,nan,nan,nan,nan,nan,nan,nan,nan,nan,nan,nan,nan,nan,0.057999998331069946,nan,nan,nan,nan,nan,-0.5043478012084961,nan,0,nan,0,0,0,nan,nan,nan,nan,nan,nan,9.459832191467285,-2.3093101978302,1.0810780621978353,nan,nan
2.5761237144470215,1784883490.3401403,nan,nan,4.00543212890625e-05,nan,,0,0,0,,nan,nan,nan,nan,nan,nan,nan,nan,nan,nan,nan,nan,nan,nan,nan,nan,nan,nan,nan,nan,nan,nan,0.06524999439716339,nan,nan,nan,nan,nan,-0.31521737575531006,nan,0,nan,0,0,0,nan,nan,nan,nan,nan,nan,9.462409973144531,-2.304473400115967,1.0546003624765015,nan,nan
2.8980019092559814,1784883490.6620185,nan,nan,5.435943603515625e-05,nan,,0,0,0,,nan,nan,nan,nan,nan,nan,nan,nan,nan,nan,nan,nan,nan,nan,nan,nan,nan,nan,nan,nan,nan,nan,0.0507499985396862,nan,nan,nan,nan,nan,-0.4413043260574341,nan,0,nan,0,0,0,nan,nan,nan,nan,nan,nan,9.496272087097168,-2.2545435428619385,0.767721711390104,nan,nan
3.243878126144409,1784883491.0078952,nan,nan,0.33144307136535645,nan,,0,0,0,,nan,nan,nan,nan,nan,nan,nan,nan,nan,nan,nan,nan,nan,nan,nan,nan,nan,nan,nan,nan,nan,nan,0.057999998331069946,nan,nan,nan,nan,nan,-0.5043478012084961,nan,0,nan,0,0,0,nan,nan,nan,nan,nan,nan,9.512979507446289,-2.2405190467834473,0.5778356328466928,nan,nan
3.578278064727783,1784883491.3422947,nan,nan,4.6253204345703125e-05,nan,,0,0,0,,nan,nan,nan,nan,nan,nan,nan,nan,nan,nan,nan,nan,nan,nan,nan,nan,nan,nan,nan,nan,nan,nan,0.054375000298023224,nan,nan,nan,nan,nan,-0.4728260934352875,nan,0,nan,0,0,0,nan,nan,nan,nan,nan,nan,9.521330833435059,-2.235323667526245,0.4922853417418113,nan,nan
3.927608013153076,1784883491.6916244,nan,nan,3.7670135498046875e-05,nan,,0,0,0,,nan,nan,nan,nan,nan,nan,nan,nan,nan,nan,nan,nan,nan,nan,nan,nan,nan,nan,nan,nan,nan,nan,0.07249999791383743,nan,nan,nan,nan,nan,-0.25217390060424805,nan,0,nan,0,0,0,nan,nan,nan,nan,nan,nan,9.56104564666748,-2.2155697345733643,0.4104238147089955,nan,nan
4.249133348464966,1784883492.01315,nan,nan,3.2901763916015625e-05,nan,,0,0,0,,nan,nan,nan,nan,nan,nan,nan,nan,nan,nan,nan,nan,nan,nan,nan,nan,nan,nan,nan,nan,nan,nan,0.04349999874830246,nan,nan,nan,nan,nan,-0.37826085090637207,nan,0,nan,0,0,0,nan,nan,nan,nan,nan,nan,9.600252151489258,-2.2012779712677,0.23213823759340427,nan,nan
4.6287055015563965,1784883492.3927221,4.792213439941406e-05,nan,0.375960111618042,nan,curve_pd,1,1,1,FOLLOW_MAIN,1.0,4.982751891112143,-75.5,-60.99558783993885,-60.99558783993885,-0.494,-0.4099999037256389,-0.4099999037256389,-0.05794138259304936,-0.3689285719871147,0.58,0.72,0.01,0.05,0.03537744094716453,0.29519993068246,0.0005794138259304936,0.018446428599355736,0.06988597833581123,0.06988597833581123,0.06988597833581123,nan,0.18850000202655792,0.3496032140549108,0.3496032140549108,0.3496032140549108,0.3496032140549108,nan,-0.06304347515106201,0.38,1,3.0,0,0,0,0.7356418772190655,-1.109,nan,0.04628776138710475,0.09348419528451771,0.04719643389741296,9.63361930847168,-2.1941511631011963,0.20020540975672552,nan,nan
5.064239740371704,1784883492.8282566,0.43558335304260254,4.410743713378906e-05,0.811495304107666,nan,curve_pd,1,1,1,FOLLOW_MAIN,1.0,4.982751891112143,-75.5,-60.99558783993885,-60.99558783993885,-0.494,-0.4099999037256389,-0.4099999037256389,-0.05794138259304936,-0.3689285719871147,0.58,0.72,0.01,0.05,0.03537744094716453,0.29519993068246,0.0005794138259304936,0.018446428599355736,0.06988597833581123,0.06988597833581123,0.06988597833581123,0.07,0.18850000202655792,0.3496032140549108,0.3496032140549108,0.3496032140549108,0.3496032140549108,0.38,-0.06304347515106201,0.38,1,3.0,0,0,0,0.7356418772190655,-1.109,nan,0.04628776138710475,0.09348419528451771,0.04719643389741296,9.63361930847168,-2.1941511631011963,0.20020540975672552,-0.11850000202655792,0.443043475151062
5.346872329711914,1784883493.110889,0.7182154655456543,0.28267621994018555,5.435943603515625e-05,nan,curve_pd,1,1,1,FOLLOW_MAIN,1.0,4.982751891112143,-75.5,-60.99558783993885,-60.99558783993885,-0.494,-0.4099999037256389,-0.4099999037256389,-0.05794138259304936,-0.3689285719871147,0.58,0.72,0.01,0.05,0.03537744094716453,0.29519993068246,0.0005794138259304936,0.018446428599355736,0.06988597833581123,0.06988597833581123,0.06988597833581123,0.07,0.0253749992698431,0.3496032140549108,0.3496032140549108,0.3496032140549108,0.3496032140549108,0.38,-0.031521737575531006,0.38,1,3.0,0,0,0,0.7356418772190655,-1.109,nan,0.04628776138710475,0.09348419528451771,0.04719643389741296,9.705920219421387,-2.1803033351898193,0.1350828078039784,0.044625000730156905,0.411521737575531
5.3985302448272705,1784883493.1625493,0.044782161712646484,0.041425466537475586,0.026372194290161133,0.04840898513793945,large_error_pd,2,1,1,FOLLOW_MAIN,1.0,5.321508378487756,-134.1,-97.64067216458558,-97.64067216458558,-0.764,-0.6042142924524437,-0.6042142924524437,-0.09764390237071845,-0.5295925189809925,0.65,0.72,0.01,0.05,0.06346643690698063,0.4350342905657595,0.0009764390237071845,0.026479625949049623,0.07,0.07,0.07,0.07,0.04349999874830246,0.5259567924454969,0.38,0.38,0.38,0.38,0.25217390060424805,0.38,1,3.0,0,0,1,0.6139656289172223,-2.49,nan,0.04435,0.09565000000000001,0.05130000000000001,9.715206146240234,-2.178830623626709,0.19705446065841234,0.026500001251697547,0.12782609939575196
5.755608320236206,1784883493.519625,4.482269287109375e-05,0.3984987735748291,0.38344526290893555,0.40548133850097656,large_error_pd,2,1,1,FOLLOW_MAIN,1.0,5.379695785376746,-168.20000000000002,-144.75794623956395,-144.75794623956395,-0.877,-0.7991203712865116,-0.7991203712865116,-0.11362346805864777,-0.49602972106505566,0.65,0.72,0.01,0.05,0.09409266505571658,0.5753666673262883,0.0011362346805864777,0.024801486053252785,0.07,0.07,0.07,0.07,0.04349999874830246,0.6953970531158441,0.38,0.38,0.38,0.38,0.25217390060424805,0.38,1,3.0,0,0,1,0.5113163671390372,-3.712,nan,0.04435,0.09565000000000001,0.05130000000000001,9.715206146240234,-2.178830623626709,0.19705446065841234,0.026500001251697547,0.12782609939575196
6.074355125427246,1784883493.8383718,0.31879210472106934,3.552436828613281e-05,0.7021920680999756,0.7242281436920166,large_error_pd,2,1,1,FOLLOW_MAIN,1.0,5.379695785376746,-168.20000000000002,-144.75794623956395,-144.75794623956395,-0.877,-0.7991203712865116,-0.7991203712865116,-0.11362346805864777,-0.49602972106505566,0.65,0.72,0.01,0.05,0.09409266505571658,0.5753666673262883,0.0011362346805864777,0.024801486053252785,0.07,0.07,0.07,0.07,0.04349999874830246,0.6953970531158441,0.38,0.38,0.38,0.38,0.25217390060424805,0.38,1,3.0,0,0,1,0.5113163671390372,-3.712,nan,0.04435,0.09565000000000001,0.05130000000000001,9.715206146240234,-2.178830623626709,0.19705446065841234,0.026500001251697547,0.12782609939575196
6.423795461654663,1784883494.187812,7.653236389160156e-05,0.33533263206481934,0.3317878246307373,0.34241294860839844,large_error_pd,2,1,1,FOLLOW_MAIN,1.0,5.37009468755806,-153.1,-160.75532122317483,-160.75532122317483,-0.8300000000000001,-0.8541660347372695,-0.8541660347372695,-0.0024533632949906934,-0.02140116486076718,0.65,0.72,0.01,0.05,0.10449095879506363,0.614999545010834,2.4533632949906934e-05,0.001070058243038359,0.07,0.07,0.07,0.07,0.09787499904632568,0.7205850956818859,0.38,0.38,0.38,0.38,0.4728260934352875,0.38,1,3.0,0,0,1,0.4845885764834163,-4.061,nan,0.04435,0.09565000000000001,0.05130000000000001,9.762789726257324,-2.1682324409484863,0.30079133603375163,-0.027874999046325677,-0.09282609343528747
6.75183892250061,1784883494.5158553,0.32812023162841797,0.3246183395385742,5.817413330078125e-05,0.6704561710357666,large_error_pd,2,1,1,FOLLOW_MAIN,1.0,5.37009468755806,-153.1,-160.75532122317483,-160.75532122317483,-0.8300000000000001,-0.8541660347372695,-0.8541660347372695,-0.0024533632949906934,-0.02140116486076718,0.65,0.72,0.01,0.05,0.10449095879506363,0.614999545010834,2.4533632949906934e-05,0.001070058243038359,0.07,0.07,0.07,0.07,0.04712500050663948,0.7205850956818859,0.38,0.38,0.38,0.38,0.34673914313316345,0.38,1,3.0,0,0,1,0.4845885764834163,-4.061,nan,0.04435,0.09565000000000001,0.05130000000000001,9.774543762207031,-2.1642253398895264,0.3926778712174706,0.022874999493360526,0.03326085686683655
7.069728851318359,1784883494.8337452,0.310863733291626,0.30761075019836426,4.291534423828125e-05,0.31449007987976074,large_error_pd,2,1,1,FOLLOW_MAIN,1.0,5.4904349234251715,-148.8,-155.2909768103003,-155.2909768103003,-0.8160000000000001,-0.8369163945133985,-0.8369163945133985,0.012428821354666714,0.03161779415030716,0.65,0.72,0.01,0.05,0.10093913492669519,0.602579804049647,-0.00012428821354666715,-0.0015808897075153582,0.07,0.07,0.07,0.07,0.06887499988079071,0.70181376105528,0.38,0.38,0.38,0.38,0.28369560837745667,0.38,1,3.0,0,0,1,0.5034037732646189,-3.3529999999999998,nan,0.04435,0.09565000000000001,0.05130000000000001,9.826812744140625,-2.132934093475342,0.686331336564546,0.0011250001192092962,0.09630439162254334
7.433880567550659,1784883495.197897,9.226799011230469e-05,0.35633349418640137,0.33720970153808594,0.3496236801147461,large_error_pd,2,1,1,FOLLOW_MAIN,1.0,5.279302786014586,-126.10000000000002,-133.43506193695197,-133.43506193695197,-0.733,-0.7609541083949771,-0.7609541083949771,0.021814185573215246,0.077666390114209,0.65,0.72,0.01,0.05,0.0867327902590188,0.5478869580443835,-0.00021814185573215247,-0.0038833195057104506,0.07,0.07,0.07,0.07,0.054375000298023224,0.6305182869419598,0.38,0.38,0.38,0.38,0.4728260934352875,0.38,1,3.0,0,0,1,0.5694613852920493,-1.4609999999999999,nan,0.04435,0.09565000000000001,0.05130000000000001,9.846108436584473,-2.1157195568084717,0.8400941635017328,0.015624999701976783,-0.09282609343528747
7.761714220046997,1784883495.5257306,0.3279259204864502,3.6716461181640625e-05,0.6650428771972656,0.6774568557739258,large_error_pd,2,1,1,FOLLOW_MAIN,1.0,5.279302786014586,-126.10000000000002,-133.43506193695197,-133.43506193695197,-0.733,-0.7609541083949771,-0.7609541083949771,0.021814185573215246,0.077666390114209,0.65,0.72,0.01,0.05,0.0867327902590188,0.5478869580443835,-0.00021814185573215247,-0.0038833195057104506,0.07,0.07,0.07,0.07,0.054375000298023224,0.6305182869419598,0.38,0.38,0.38,0.38,0.4728260934352875,0.38,1,3.0,0,0,1,0.5694613852920493,-1.4609999999999999,nan,0.04435,0.09565000000000001,0.05130000000000001,9.846108436584473,-2.1157195568084717,0.8400941635017328,0.015624999701976783,-0.09282609343528747
8.078193664550781,1784883495.8422103,4.57763671875e-05,0.3165159225463867,0.31287360191345215,0.3095886707305908,large_error_pd,2,1,1,FOLLOW_MAIN,1.0,5.262156987605394,-71.9,-120.30759100134955,-120.30759100134955,-0.47500000000000003,-0.709467547740305,-0.709467547740305,0.03219509722293111,0.1249449344299447,0.65,0.72,0.01,0.05,0.07819993415087721,0.5108166343730196,-0.0003219509722293111,-0.006247246721497235,0.07,0.07,0.07,0.07,0.13774999976158142,0.5824473708301703,0.38,0.38,0.38,0.38,1.1978260278701782,0.38,1,3.0,0,0,1,0.6004850912737177,-1.017,nan,0.04435,0.09565000000000001,0.05130000000000001,9.858981132507324,-2.0998282432556152,1.0180039934853968,-0.06774999976158141,-0.8178260278701782
8.44457459449768,1784883496.2085912,6.961822509765625e-05,0.6828968524932861,0.3515160083770752,0.6759696006774902,large_error_pd,2,1,1,FOLLOW_MAIN,1.0,5.3060902019784315,-150.1,-118.0238806277995,-118.0238806277995,-0.8200000000000001,-0.7003053806163494,-0.7003053806163494,0.023001513804237206,0.09000973218121264,0.65,0.72,0.01,0.05,0.07671552240806968,0.5042198740437716,-0.00023001513804237207,-0.004500486609060632,0.07,0.07,0.07,0.07,0.054375000298023224,0.5762048947047382,0.38,0.38,0.38,0.38,0.4728260934352875,0.38,1,2.0,0,0,1,0.6131567440712719,-0.61,nan,0.04435,0.09565000000000001,0.05130000000000001,9.873313903808594,-2.0697379112243652,1.3088537554935324,0.015624999701976783,-0.09282609343528747
8.767367601394653,1784883496.5313842,0.3228635787963867,4.4345855712890625e-05,0.6743104457855225,0.9987640380859375,large_error_pd,2,1,1,FOLLOW_MAIN,1.0,5.3060902019784315,-150.1,-118.0238806277995,-118.0238806277995,-0.8200000000000001,-0.7003053806163494,-0.7003053806163494,0.023001513804237206,0.09000973218121264,0.65,0.72,0.01,0.05,0.07671552240806968,0.5042198740437716,-0.00023001513804237207,-0.004500486609060632,0.07,0.07,0.07,0.07,0.054375000298023224,0.5762048947047382,0.38,0.38,0.38,0.38,0.4728260934352875,0.38,1,2.0,0,0,1,0.6131567440712719,-0.61,nan,0.04435,0.09565000000000001,0.05130000000000001,9.873313903808594,-2.0697379112243652,1.3088537554935324,0.015624999701976783,-0.09282609343528747
9.057744979858398,1784883496.8217614,0.2794349193572998,0.2904210090637207,5.4836273193359375e-05,0.28327131271362305,large_error_pd,2,1,1,FOLLOW_MAIN,1.0,5.3060902019784315,-150.1,-118.0238806277995,-118.0238806277995,-0.8200000000000001,-0.7003053806163494,-0.7003053806163494,0.023001513804237206,0.09000973218121264,0.65,0.72,0.01,0.05,0.07671552240806968,0.5042198740437716,-0.00023001513804237207,-0.004500486609060632,0.07,0.07,0.07,0.07,0.04712499678134918,0.5762048947047382,0.38,0.38,0.38,0.38,0.34673914313316345,0.38,1,2.0,0,0,1,0.6131567440712719,-0.61,nan,0.04435,0.09565000000000001,0.05130000000000001,9.875709533691406,-2.0605366230010986,1.354782643169678,0.022875003218650825,0.03326085686683655
9.113760232925415,1784883496.8777776,0.3354523181915283,0.043714046478271484,0.056073665618896484,0.33929014205932617,large_error_pd,2,1,1,FOLLOW_MAIN,1.0,5.3060902019784315,-150.1,-118.0238806277995,-118.0238806277995,-0.8200000000000001,-0.7003053806163494,-0.7003053806163494,0.023001513804237206,0.09000973218121264,0.65,0.72,0.01,0.05,0.07671552240806968,0.5042198740437716,-0.00023001513804237207,-0.004500486609060632,0.07,0.07,0.07,0.07,0.04712499678134918,0.5762048947047382,0.38,0.38,0.38,0.38,0.34673914313316345,0.38,1,2.0,0,0,1,0.6131567440712719,-0.61,nan,0.04435,0.09565000000000001,0.05130000000000001,9.875709533691406,-2.0605366230010986,1.354782643169678,0.022875003218650825,0.03326085686683655
9.407341241836548,1784883497.1713576,0.6290311813354492,5.173683166503906e-05,0.3496510982513428,0.6328670978546143,large_error_pd,2,1,1,FOLLOW_MAIN,1.0,5.3060902019784315,-150.1,-118.0238806277995,-118.0238806277995,-0.8200000000000001,-0.7003053806163494,-0.7003053806163494,0.023001513804237206,0.09000973218121264,0.65,0.72,0.01,0.05,0.07671552240806968,0.5042198740437716,-0.00023001513804237207,-0.004500486609060632,0.07,0.07,0.07,0.07,0.04712499678134918,0.5762048947047382,0.38,0.38,0.38,0.38,0.34673914313316345,0.38,1,2.0,0,0,1,0.6131567440712719,-0.61,nan,0.04435,0.09565000000000001,0.05130000000000001,9.875709533691406,-2.0605366230010986,1.354782643169678,0.022875003218650825,0.03326085686683655
9.766380310058594,1784883497.5303967,5.6743621826171875e-05,0.35909032821655273,0.31376028060913086,0.351027250289917,large_error_pd,2,1,1,FOLLOW_MAIN,1.0,5.723995191196554,-34.4,-128.97270937103661,-128.97270937103661,-0.241,-0.7236040610839863,-0.7236040610839863,-0.00048543662048230324,0.004057062490056482,0.65,0.72,0.01,0.05,0.0838322610911738,0.5209949239804701,4.8543662048230326e-06,-0.00020285312450282408,0.07,0.07,0.07,0.07,0.032624997198581696,0.6046291863133458,0.38,0.38,0.38,0.38,-0.031521737575531006,0.38,1,2.0,0,0,1,0.6010434023560142,-0.595,nan,0.04435,0.09565000000000001,0.05130000000000001,9.876227378845215,-2.058178424835205,1.3524499188849308,0.03737500280141831,0.411521737575531
10.081382751464844,1784883497.8453991,8.535385131835938e-05,0.31171154975891113,0.2937917709350586,0.30504679679870605,curve_pd,1,1,1,FOLLOW_MAIN,1.0,6.355643552807306,-9.9,-31.61344734022229,-31.61344734022229,-0.07100000000000001,-0.21848052326809703,-0.21848052326809703,0.1432130599429357,0.7574982197209272,0.58,0.72,0.01,0.05,0.018335799457328928,0.15730597675302985,-0.001432130599429357,-0.03787491098604637,0.0812485675308533,0.0812485675308533,0.0812485675308533,0.07,0.036249998956918716,0.13633473462488307,0.13633473462488307,0.3251715356000932,0.3251715356000932,0.38,0.31521737575531006,0.38,1,1.0,0,0,0,0.85524807927214,-0.40199999999999997,nan,0.05929948887784701,0.1031976461838596,0.04389815730601259,9.885838508605957,-2.0122737884521484,1.4449373139355237,0.03375000104308129,0.06478262424468995
10.427846431732178,1784883498.1918628,0.3323969841003418,0.34316062927246094,0.30074572563171387,5.2928924560546875e-05,curve_pd,1,1,1,FOLLOW_MAIN,1.0,6.355643552807306,-9.9,-31.61344734022229,-31.61344734022229,-0.07100000000000001,-0.21848052326809703,-0.21848052326809703,0.1432130599429357,0.7574982197209272,0.58,0.72,0.01,0.05,0.018335799457328928,0.15730597675302985,-0.001432130599429357,-0.03787491098604637,0.0812485675308533,0.0812485675308533,0.0812485675308533,0.0812485675308533,0.06162500008940697,0.13633473462488307,0.13633473462488307,0.3090326592806378,0.3090326592806378,0.3090326592806378,0.4728260338306427,0.38,1,1.0,0,0,0,0.85524807927214,-0.40199999999999997,nan,0.06038886302941025,0.10210827203229635,0.04171940900288609,9.88708782196045,-1.9916648864746094,1.6196942879933938,0.019623567441446332,-0.16379337455000492
10.766320943832397,1784883498.5303378,0.6708719730377197,0.6816356182098389,0.32106637954711914,0.3385281562805176,curve_pd,1,1,1,FOLLOW_MAIN,1.0,6.355643552807306,-9.9,-31.61344734022229,-31.61344734022229,-0.07100000000000001,-0.21848052326809703,-0.21848052326809703,0.1432130599429357,0.7574982197209272,0.58,0.72,0.01,0.05,0.018335799457328928,0.15730597675302985,-0.001432130599429357,-0.03787491098604637,0.0812485675308533,0.0812485675308533,0.0812485675308533,0.0812485675308533,0.08699999749660492,0.13633473462488307,0.13633473462488307,0.3090326592806378,0.3090326592806378,0.3090326592806378,0.18913044035434723,0.38,1,1.0,0,0,0,0.85524807927214,-0.40199999999999997,nan,0.06038886302941025,0.10210827203229635,0.04171940900288609,9.88412094116211,-1.9577950239181519,1.691847319765644,-0.00575142996575162,0.11990221892629055
11.105897903442383,1784883498.8699145,6.985664367675781e-05,1.0212123394012451,0.6606428623199463,0.6781044006347656,near_center_pd,3,1,1,FOLLOW_MAIN,1.0,3.7305166894409876,-1.0,-10.510487897394912,0.0,-0.007,-0.07514651221180618,-0.07514651221180618,0.07833432986306244,0.37559635951998627,0.2,0.24,0.01,0.05,-0.0,0.018035162930833484,-0.0007833432986306244,-0.018779817975999313,0.1193765340621116,0.08203249201076394,0.08203249201076394,0.0812485675308533,0.08699999749660492,0.0,0.0,0.22217286944029913,0.22217286944029913,0.3090326592806378,0.18913044035434723,0.065,0,0.0,0,1,0,0.9298165938060879,-0.688,nan,0.06703582332354376,0.09702916069798413,0.029993337374440376,9.88412094116211,-1.9577950239181519,1.691847319765644,-0.00575142996575162,0.11990221892629055
11.447609901428223,1784883499.2116265,0.3417816162109375,5.364418029785156e-05,0.33481764793395996,0.3314692974090576,near_center_pd,3,1,1,FOLLOW_MAIN,1.0,3.7305166894409876,-1.0,-10.510487897394912,0.0,-0.007,-0.07514651221180618,-0.07514651221180618,0.07833432986306244,0.37559635951998627,0.2,0.24,0.01,0.05,-0.0,0.018035162930833484,-0.0007833432986306244,-0.018779817975999313,0.1193765340621116,0.08203249201076394,0.08203249201076394,0.10131450001077318,0.07975000143051147,0.0,0.0,0.22217286944029913,0.22217286944029913,0.1980703594402876,0.44130435585975647,0.065,0,0.0,0,1,0,0.9298165938060879,-0.688,nan,0.06703582332354376,0.09702916069798413,0.029993337374440376,9.883359909057617,-1.9515408277511597,1.7267098523868376,0.0215644985802617,-0.24323399641946886
11.822507858276367,1784883499.5865245,7.200241088867188e-05,0.3749518394470215,0.3562157154083252,0.706367015838623,center_cruise,4,1,1,FOLLOW_MAIN,1.0,6.37330001462923,29.400000000000002,3.2963779678635943,0.0,0.20700000000000002,0.023245332149297415,0.023245332149297415,0.05618956145344985,0.5511707410097733,0.0,0.0,0.01,0.05,0.0,0.0,0.0,0.0,0.165,0.10131450001077318,0.10131450001077318,0.10131450001077318,0.10512500256299973,0.0,0.0,0.1980703594402876,0.1980703594402876,0.1980703594402876,0.031521737575531006,0.012,0,1.0,1,1,0,0.9330398221063535,-1.549,nan,0.08794475074855376,0.11468424927299259,0.026739498524438826,9.86320972442627,-1.8952378034591675,2.0847956300976436,-0.0038105025522265495,0.1665486218647566
12.14340853691101,1784883499.907425,0.32097291946411133,4.839897155761719e-05,0.6771166324615479,1.0272676944732666,center_cruise,4,1,1,FOLLOW_MAIN,1.0,6.37330001462923,29.400000000000002,3.2963779678635943,0.0,0.20700000000000002,0.023245332149297415,0.023245332149297415,0.05618956145344985,0.5511707410097733,0.0,0.0,0.01,0.05,0.0,0.0,0.0,0.0,0.165,0.10131450001077318,0.10131450001077318,0.11731450001077318,0.10512500256299973,0.0,0.0,0.1980703594402876,0.1980703594402876,0.1780703594402876,0.031521737575531006,0.012,0,1.0,1,1,0,0.9330398221063535,-1.549,nan,0.08794475074855376,0.11468424927299259,0.026739498524438826,9.86320972442627,-1.8952378034591675,2.0847956300976436,0.01218949744777345,0.1465486218647566
12.480584859848022,1784883500.2446015,0.6581494808197021,0.33722519874572754,1.0142934322357178,1.3644444942474365,center_cruise,4,1,1,FOLLOW_MAIN,1.0,6.37330001462923,29.400000000000002,3.2963779678635943,0.0,0.20700000000000002,0.023245332149297415,0.023245332149297415,0.05618956145344985,0.5511707410097733,0.0,0.0,0.01,0.05,0.0,0.0,0.0,0.0,0.165,0.10131450001077318,0.10131450001077318,0.11731450001077318,0.10512500256299973,0.0,0.0,0.1980703594402876,0.1980703594402876,0.1780703594402876,0.031521737575531006,0.012,0,1.0,1,1,0,0.9330398221063535,-1.549,nan,0.08794475074855376,0.11468424927299259,0.026739498524438826,9.86320972442627,-1.8952378034591675,2.0847956300976436,0.01218949744777345,0.1465486218647566
12.820651292800903,1784883500.5846677,5.0067901611328125e-05,0.677290678024292,1.3543586730957031,1.7045097351074219,control_error_timeout,5,1,1,FOLLOW_MAIN,1.0,6.444055869072387,-17.2,26.840367570791653,26.840367570791653,-0.122,0.1893995261602977,0.1893995261602977,0.03526903852006095,0.2437390764686445,0.0,0.0,0.01,0.05,0.0,0.0,0.0,0.0,0.0,0.025759362117089887,0.025759362117089887,0.11731450001077318,0.10512500256299973,0.0,0.0,0.08115431368025021,0.08115431368025021,0.1780703594402876,0.031521737575531006,0.0,0,0.0,0,0,0,1.0,-1.127,nan,0.020281445943672996,0.03123727829050678,0.010955832346833783,9.86320972442627,-1.8952378034591675,2.0847956300976436,0.01218949744777345,0.1465486218647566
13.141786336898804,1784883500.905803,6.842613220214844e-05,0.31772351264953613,0.3072049617767334,0.31094884872436523,curve_pd,1,1,1,FOLLOW_MAIN,1.0,5.348872011344821,6.7,16.934932995772414,16.934932995772414,0.048,0.12024811801103208,0.12024811801103208,-0.011736244621966697,-0.0825673544735315,0.58,0.72,0.01,0.05,-0.009822261137547998,-0.0865786449679431,0.00011736244621966698,0.004128367723676575,0.08594099650161248,0.03900026195711046,0.03900026195711046,0.026690562436990996,0.09062499552965164,-0.09215517593559486,-0.09215517593559486,0.05467251400020907,0.05467251400020907,0.079291913040448,0.15760868787765503,0.38,1,0.0,0,0,0,0.9046420684380261,-0.6349999999999999,nan,0.035309867262096346,0.04269065665212458,0.007380789390028231,9.829434394836426,-1.8385059833526611,2.167225464720647,-0.06393443309266064,-0.07831677483720703
13.489094972610474,1784883501.2531114,5.602836608886719e-05,0.34407830238342285,0.32238125801086426,0.3371405601501465,center_cruise,4,1,1,FOLLOW_MAIN,1.0,8.953719025648613,0.8,4.934991096116683,0.0,0.006,0.03514089653027743,0.03514089653027743,-0.02150302740148222,-0.14375133956717542,0.0,0.0,0.01,0.05,0.0,0.0,0.0,0.0,0.165,0.029811873599828686,0.029811873599828686,0.03580875075712623,0.0,0.0,0.0,0.0,0.0,0.06105553640017754,0.0,0.012,0,1.0,1,1,0,0.937140569805206,-1.204,nan,0.029811873599828686,0.029811873599828686,0.0,9.800487518310547,-1.7990942001342773,2.262957174702611,0.03580875075712623,0.06105553640017754
13.819637775421143,1784883501.5836542,5.817413330078125e-05,0.31301093101501465,0.3092923164367676,0.32024407386779785,center_cruise,4,1,1,FOLLOW_MAIN,1.0,6.5336020317134675,1.0,1.0339509933184405,0.0,0.007,0.007114177472453798,0.0,-0.003472848965370887,-0.06550690694797465,0.0,0.0,0.01,0.05,0.0,0.0,0.0,0.0,0.165,0.08656998447980732,0.08656998447980732,0.05141000559984241,0.0,0.0,0.0,0.0,0.0,0.0,0.0,0.012,0,1.0,1,1,0,0.9551359779921207,-1.1789999999999998,nan,0.08656998447980732,0.08656998447980732,0.0,9.772195816040039,-1.7639089822769165,2.236071270198538,0.05141000559984241,0.0
14.15563178062439,1784883501.919649,6.318092346191406e-05,0.31897711753845215,0.31128501892089844,0.32590508460998535,center_cruise,4,1,1,FOLLOW_MAIN,1.0,6.090071812882947,1.1,1.0870165077882108,0.0,0.008,0.007864946367666135,0.0,-0.0005991896367448301,-0.011302265134424712,0.0,0.0,0.01,0.05,0.0,0.0,0.0,0.0,0.165,0.165,0.165,0.10904561679973268,0.0,0.0,0.0,0.0,0.0,0.0,0.0,0.012,0,1.0,1,1,0,0.9554750457656401,-1.156,nan,0.165,0.165,0.0,9.772195816040039,-1.7639089822769165,2.236071270198538,0.10904561679973268,0.0
14.484598159790039,1784883502.2486145,5.6743621826171875e-05,0.3254683017730713,0.30348777770996094,0.3186633586883545,center_cruise,4,1,1,FOLLOW_MAIN,1.0,5.65215713368004,1.1,1.09690587832398,0.0,0.008,0.007967815102099417,0.0,-0.00030683085563197924,-0.005787622931222104,0.0,0.0,0.01,0.05,0.0,0.0,0.0,0.0,0.165,0.165,0.165,0.165,0.13050000369548798,0.0,0.0,0.0,0.0,0.0,0.0,0.012,0,1.0,1,1,0,0.9551803268296715,-1.163,nan,0.165,0.165,0.0,9.751548767089844,-1.736724615097046,2.2176938561755923,0.03449999630451203,0.0
14.844616889953613,1784883502.6086333,6.151199340820312e-05,0.35666346549987793,0.34942078590393066,0.6786818504333496,center_cruise,4,1,1,FOLLOW_MAIN,1.0,5.876866378989128,1.1,1.0997050534806212,0.0,0.008,0.007996931981154488,0.0,-0.00010245388827831565,-0.0019325451215495223,0.0,0.0,0.01,0.05,0.0,0.0,0.0,0.0,0.165,0.165,0.165,0.165,0.16312500834465027,0.0,0.0,0.0,0.0,0.0,-0.03152172267436981,0.012,0,1.0,1,1,0,0.9532261443759097,-1.2209999999999999,nan,0.165,0.165,0.0,9.729893684387207,-1.7081663608551025,2.2202459872659124,0.0018749916553497392,0.03152172267436981
15.160401582717896,1784883502.924418,5.53131103515625e-05,0.3124690055847168,0.30916833877563477,0.30581188201904297,center_cruise,4,1,1,FOLLOW_MAIN,1.0,5.876866378989128,1.1,1.0997050534806212,0.0,0.008,0.007996931981154488,0.0,-0.00010245388827831565,-0.0019325451215495223,0.0,0.0,0.01,0.05,0.0,0.0,0.0,0.0,0.165,0.165,0.165,0.165,0.1667499989271164,0.0,0.0,0.0,0.0,0.0,0.0,0.012,0,1.0,1,1,0,0.9532261443759097,-1.2209999999999999,nan,0.165,0.165,0.0,9.721624374389648,-1.6972765922546387,2.2202459872659124,-0.0017499989271163863,0.0
15.499534130096436,1784883503.2635505,6.341934204101562e-05,0.33577752113342285,0.33222436904907227,0.6449439525604248,center_cruise,4,1,1,FOLLOW_MAIN,1.0,5.849499828792925,1.0,1.0999139441516095,0.0,0.007,0.007999104851397518,0.0,-5.766059224946438e-05,-0.0010876277916818029,0.0,0.0,0.01,0.05,0.0,0.0,0.0,0.0,0.165,0.165,0.165,0.165,0.1667499989271164,0.0,0.0,0.0,0.0,0.0,0.0,0.012,0,1.0,1,1,0,0.9518246546671252,-1.2630000000000001,nan,0.165,0.165,0.0,9.712851524353027,-1.685722827911377,2.2202459872659124,-0.0017499989271163863,0.0
15.85620403289795,1784883503.6202204,0.32820916175842285,3.886222839355469e-05,0.688894510269165,0.34995174407958984,center_cruise,4,1,1,FOLLOW_MAIN,1.0,5.849499828792925,1.0,1.0999139441516095,0.0,0.007,0.007999104851397518,0.0,-5.766059224946438e-05,-0.0010876277916818029,0.0,0.0,0.01,0.05,0.0,0.0,0.0,0.0,0.165,0.165,0.165,0.16057385253484405,0.1667499989271164,0.0,0.0,0.0,0.0,0.0,0.0,0.012,0,1.0,1,1,0,0.9518246546671252,-1.2630000000000001,nan,0.165,0.165,0.0,9.712851524353027,-1.685722827911377,2.2202459872659124,-0.006176146392272347,0.0
16.18071150779724,1784883503.9447281,0.3207128047943115,0.32454657554626465,0.3172421455383301,3.2901763916015625e-05,center_cruise,4,1,1,FOLLOW_MAIN,1.0,5.017932891713876,1.0,0.9891229769565717,0.0,0.007,0.0068912289265061506,0.0,-1.0188306389516222e-05,-0.00019217778984068737,0.0,0.0,0.01,0.05,0.0,0.0,0.0,0.0,0.16057385253484405,0.16057385253484405,0.16057385253484405,0.16057385253484405,0.16312500834465027,0.0,0.0,0.0,0.0,0.0,-0.03152172267436981,0.012,0,1.0,1,1,0,0.9445444209240603,-1.5019999999999998,nan,0.16057385253484405,0.16057385253484405,0.0,9.677082061767578,-1.6385332345962524,2.2103181410438144,-0.0025511558098062215,0.03152172267436981
16.50932002067566,1784883504.2733364,5.53131103515625e-05,0.32147884368896484,0.3099977970123291,0.328641414642334,center_cruise,4,1,1,FOLLOW_MAIN,1.0,4.856121923023486,0.7000000000000001,0.8883847363615135,0.0,0.005,0.005952784563363353,0.0,-1.8002171506939615e-06,-3.3956748062627974e-05,0.0,0.0,0.01,0.05,0.0,0.0,0.0,0.0,0.15539590153675156,0.13029140006015374,0.13029140006015374,0.11414296725989852,0.1667499989271164,0.0,0.0,0.0,0.0,0.0,0.0,0.012,0,1.0,1,1,0,0.9408412088950224,-1.6309999999999998,nan,0.13029140006015374,0.13029140006015374,0.0,9.624841690063477,-1.5692179203033447,2.2221055842815165,-0.05260703166721788,0.0
16.869544506072998,1784883504.6335611,9.894371032714844e-05,0.3568146228790283,0.34179234504699707,0.6888659000396729,center_cruise,4,1,1,FOLLOW_MAIN,1.0,6.675511979097969,0.7000000000000001,0.8978118496414955,0.0,0.005,0.0063652201375205344,0.0,-1.7780196342018305e-07,-3.3538045532853293e-06,0.0,0.0,0.01,0.05,0.0,0.0,0.0,0.0,0.165,0.165,0.165,0.13029140006015374,0.15950000286102295,0.0,0.0,0.0,0.0,0.0,0.0,0.012,0,1.0,1,1,0,0.9316767684948987,-1.904,nan,0.165,0.165,0.0,9.585442543029785,-1.5171018838882446,2.2150140965699707,-0.029208602800869204,0.0
17.195215702056885,1784883504.959232,0.32577037811279297,0.3222484588623047,3.7670135498046875e-05,1.0145373344421387,center_cruise,4,1,1,FOLLOW_MAIN,1.0,6.675511979097969,0.7000000000000001,0.8978118496414955,0.0,0.005,0.0063652201375205344,0.0,-1.7780196342018305e-07,-3.3538045532853293e-06,0.0,0.0,0.01,0.05,0.0,0.0,0.0,0.0,0.165,0.165,0.165,0.165,0.14499999582767487,0.0,0.0,0.0,0.0,0.0,0.0,0.012,0,1.0,1,1,0,0.9316767684948987,-1.904,nan,0.165,0.165,0.0,9.520062446594238,-1.4312824010849,2.225666611793414,0.020000004172325142,0.0
17.517186641693115,1784883505.281203,0.3150177001953125,3.1948089599609375e-05,0.3081400394439697,0.31865859031677246,center_cruise,4,1,1,FOLLOW_MAIN,1.0,5.380689219491603,0.2,0.7068072134754962,0.0,0.002,0.005019415135394273,0.0,-5.451170372609558e-08,-1.0282316159348292e-06,0.0,0.0,0.01,0.05,0.0,0.0,0.0,0.0,0.165,0.165,0.165,0.165,0.15587499737739563,0.0,0.0,0.0,0.0,0.0,0.031521786004304886,0.012,0,1.0,1,1,0,0.9327524470793364,-1.896,nan,0.165,0.165,0.0,9.511992454528809,-1.420773983001709,2.22834637002666,0.009125002622604378,-0.031521786004304886
17.878026485443115,1784883505.6420429,0.6758575439453125,5.054473876953125e-05,0.3394501209259033,0.3541383743286133,center_cruise,4,1,1,FOLLOW_MAIN,1.0,5.380689219491603,0.2,0.7068072134754962,0.0,0.002,0.005019415135394273,0.0,-5.451170372609558e-08,-1.0282316159348292e-06,0.0,0.0,0.01,0.05,0.0,0.0,0.0,0.0,0.165,0.165,0.165,0.165,0.1667499989271164,0.0,0.0,0.0,0.0,0.0,0.0,0.012,0,1.0,1,1,0,0.9327524470793364,-1.896,nan,0.165,0.165,0.0,9.450727462768555,-1.3410402536392212,2.2220121148332717,-0.0017499989271163863,0.0
18.203521013259888,1784883505.9675376,6.127357482910156e-05,0.325545072555542,0.3220343589782715,0.6796329021453857,center_cruise,4,1,1,FOLLOW_MAIN,1.0,4.709776578131999,-0.8,0.03962953558480293,0.0,-0.005,0.0002488077430542098,0.0,-6.579807014981346e-09,-1.241121655919702e-07,0.0,0.0,0.01,0.05,0.0,0.0,0.0,0.0,0.15071285050022395,0.15071285050022395,0.15071285050022395,0.165,0.15950000286102295,0.0,0.0,0.0,0.0,0.0,0.0,0.012,0,1.0,1,1,0,0.9397094145815197,-1.772,nan,0.15071285050022395,0.15071285050022395,0.0,9.4429931640625,-1.3308916091918945,2.2220121148332717,0.0054999971389770586,0.0
18.54084825515747,1784883506.3048651,0.00010848045349121094,0.3339812755584717,0.3233315944671631,0.3270912170410156,center_cruise,4,1,1,FOLLOW_MAIN,1.0,5.566487210642974,-3.3000000000000003,-3.0462846455794916,0.0,-0.024,-0.021786249546710094,0.0,-1.654247615066805e-10,-3.1203385367355666e-09,0.0,0.0,0.01,0.05,0.0,0.0,0.0,0.0,0.165,0.165,0.165,0.1316480184534064,0.1667499989271164,0.0,0.0,0.0,0.0,0.0,0.0,0.012,0,0.0,1,1,0,0.9825737872788733,0.09899999999999999,nan,0.165,0.165,0.0,9.425801277160645,-1.3083338737487793,2.2220121148332717,-0.03510198047370999,0.0
18.874361515045166,1784883506.6383781,6.604194641113281e-05,0.33019018173217773,0.3268163204193115,0.32328248023986816,center_cruise,4,1,1,FOLLOW_MAIN,1.0,5.5221698228569025,-3.1,-3.1585889749337603,0.0,-0.022,-0.02267301477048384,-0.02267301477048384,-8.96987913718864e-11,-0.05652478763962101,0.0,0.0,0.01,0.05,0.0,0.0,0.0,0.0,0.165,0.165,0.165,0.165,0.13774999976158142,0.0,0.0,0.0,0.0,0.0,0.0,0.012,0,0.0,1,1,0,0.9713521875711801,0.411,nan,0.165,0.165,0.0,9.357009887695312,-1.218948483467102,2.22834637002666,0.027250000238418587,0.0
19.210698127746582,1784883506.9747152,5.245208740234375e-05,0.33295226097106934,0.32948970794677734,0.3262302875518799,center_cruise,4,1,1,FOLLOW_MAIN,1.0,5.084186518010435,-1.5,-2.874586064582411,0.0,-0.011,-0.020511635414338085,0.0,-2.236313993503432e-11,0.04037969095944148,0.0,0.0,0.01,0.05,0.0,0.0,0.0,0.0,0.16269396857633392,0.16269396857633392,0.16269396857633392,0.165,0.15587499737739563,0.0,0.0,0.0,0.0,0.0,-0.0315217524766922,0.012,0,1.0,1,1,0,0.9515875253958231,1.0379999999999998,nan,0.16269396857633392,0.16269396857633392,0.0,9.330822944641113,-1.185034990310669,2.2257620184470475,0.009125002622604378,0.0315217524766922
19.549609661102295,1784883507.3136263,6.961822509765625e-05,0.3355417251586914,0.3319997787475586,0.32847046852111816,center_cruise,4,1,1,FOLLOW_MAIN,1.0,5.531589112094883,2.3000000000000003,-0.550509801861726,0.0,0.017,-0.003986216476809798,0.0,-7.2481080645328355e-12,0.013087444989241501,0.0,0.0,0.01,0.05,0.0,0.0,0.0,0.0,0.165,0.165,0.165,0.16269396857633392,0.15950000286102295,0.0,0.0,0.0,0.0,0.0,0.0,0.012,0,1.0,1,1,0,0.9480028447660495,1.452,nan,0.165,0.165,0.0,9.2984037399292,-1.1428260803222656,2.2257620184470475,0.00319396571531097,0.0
19.895434379577637,1784883507.6594508,0.34589433670043945,0.3424043655395508,0.3389902114868164,4.1961669921875e-05,center_cruise,4,1,1,FOLLOW_MAIN,1.0,5.531589112094883,2.3000000000000003,-0.550509801861726,0.0,0.017,-0.003986216476809798,0.0,-7.2481080645328355e-12,0.013087444989241501,0.0,0.0,0.01,0.05,0.0,0.0,0.0,0.0,0.165,0.165,0.165,0.165,0.16312500834465027,0.0,0.0,0.0,0.0,0.0,-0.0315217524766922,0.012,0,1.0,1,1,0,0.9480028447660495,1.452,nan,0.165,0.165,0.0,9.257368087768555,-1.089600920677185,2.2234293076333276,0.0018749916553497392,0.0315217524766922
20.236764430999756,1784883508.0007808,8.7738037109375e-05,0.683734655380249,0.6803202629089355,0.341372013092041,near_center_pd,3,1,1,FOLLOW_MAIN,1.0,5.56251791285559,11.5,8.124701104296719,0.0,0.082,0.058139460257780606,0.058139460257780606,-6.673028675707646e-13,0.10361519294376187,0.2,0.24,0.01,0.05,-0.0,-0.013953470461867346,6.673028675707646e-15,-0.005180759647188094,0.15,0.15,0.15,0.165,0.16312500834465027,-0.019134230109048765,-0.019134230109048765,-0.019134230109048765,-0.019134230109048765,0.0,-0.0315217524766922,0.065,0,1.0,0,1,0,0.8951992194482772,2.0869999999999997,nan,0.15129156053236079,0.1487084394676392,-0.002583121064721583,9.257368087768555,-1.089600920677185,2.2234293076333276,0.0018749916553497392,0.0315217524766922
20.5755512714386,1784883508.3395677,0.33887457847595215,3.6716461181640625e-05,1.0191068649291992,0.6801586151123047,near_center_pd,3,1,1,FOLLOW_MAIN,1.0,5.56251791285559,11.5,8.124701104296719,0.0,0.082,0.058139460257780606,0.058139460257780606,-6.673028675707646e-13,0.10361519294376187,0.2,0.24,0.01,0.05,-0.0,-0.013953470461867346,6.673028675707646e-15,-0.005180759647188094,0.15,0.15,0.15,0.15,0.16312500834465027,-0.019134230109048765,-0.019134230109048765,-0.019134230109048765,-0.019134230109048765,-0.030311659728582248,-0.0315217524766922,0.065,0,1.0,0,1,0,0.8951992194482772,2.0869999999999997,nan,0.15129156053236079,0.1487084394676392,-0.002583121064721583,9.257368087768555,-1.089600920677185,2.2234293076333276,-0.013125008344650274,0.0012100927481099519
20.947636127471924,1784883508.7116528,0.7109594345092773,0.37212181091308594,4.3392181396484375e-05,1.0522434711456299,near_center_pd,3,1,1,FOLLOW_MAIN,1.0,5.56251791285559,11.5,8.124701104296719,0.0,0.082,0.058139460257780606,0.058139460257780606,-6.673028675707646e-13,0.10361519294376187,0.2,0.24,0.01,0.05,-0.0,-0.013953470461867346,6.673028675707646e-15,-0.005180759647188094,0.15,0.15,0.15,0.15,0.148624986410141,-0.019134230109048765,-0.019134230109048765,-0.019134230109048765,-0.019134230109048765,-0.030311659728582248,-0.03152172267436981,0.065,0,1.0,0,1,0,0.8951992194482772,2.0869999999999997,nan,0.15129156053236079,0.1487084394676392,-0.002583121064721583,9.119691848754883,-0.9089611172676086,2.2224852098870818,0.0013750135898590032,0.0012100629457875642
21.286585807800293,1784883509.0506024,1.0499091148376465,0.7110717296600342,0.33899354934692383,3.695487976074219e-05,near_center_pd,3,1,1,FOLLOW_MAIN,1.0,5.56251791285559,11.5,8.124701104296719,0.0,0.082,0.058139460257780606,0.058139460257780606,-6.673028675707646e-13,0.10361519294376187,0.2,0.24,0.01,0.05,-0.0,-0.013953470461867346,6.673028675707646e-15,-0.005180759647188094,0.15,0.15,0.15,0.15,0.148624986410141,-0.019134230109048765,-0.019134230109048765,-0.019134230109048765,-0.019134230109048765,-0.030311659728582248,-0.03152172267436981,0.065,0,1.0,0,1,0,0.8951992194482772,2.0869999999999997,nan,0.15129156053236079,0.1487084394676392,-0.002583121064721583,9.119691848754883,-0.9089611172676086,2.2224852098870818,0.0013750135898590032,0.0012100629457875642
21.613630533218384,1784883509.3776858,0.00010204315185546875,1.0381548404693604,0.66607666015625,0.327120304107666,large_error_pd,2,1,1,FOLLOW_MAIN,1.0,5.042042382189856,105.80000000000001,64.9177218193569,64.9177218193569,0.647,0.42947736308887974,0.42947736308887974,0.09070494214924354,0.5672562635009385,0.65,0.72,0.01,0.05,-0.042196519182581986,-0.3092237014239934,-0.0009070494214924355,-0.028362813175046925,0.07,0.07,0.07,0.15,0.148624986410141,-0.38069008320311476,-0.38,-0.27170192061920206,-0.27170192061920206,-0.030311659728582248,-0.03152172267436981,0.38,1,2.0,0,0,1,0.7377944951819473,0.641,nan,0.08833987964179615,0.051660120358203866,-0.03667975928359229,9.119691848754883,-0.9089611172676086,2.2224852098870818,0.0013750135898590032,0.0012100629457875642
21.973804473876953,1784883509.737821,0.36023783683776855,0.35669445991516113,0.3525230884552002,6.175041198730469e-05,large_error_pd,2,1,1,FOLLOW_MAIN,1.0,5.042042382189856,105.80000000000001,64.9177218193569,64.9177218193569,0.647,0.42947736308887974,0.42947736308887974,0.09070494214924354,0.5672562635009385,0.65,0.72,0.01,0.05,-0.042196519182581986,-0.3092237014239934,-0.0009070494214924355,-0.028362813175046925,0.07,0.07,0.07,0.07,0.1341250091791153,-0.38069008320311476,-0.38,-0.27170192061920206,-0.27170192061920206,-0.27170192061920206,-0.03152172267436981,0.38,1,2.0,0,0,1,0.7377944951819473,0.641,nan,0.08833987964179615,0.051660120358203866,-0.03667975928359229,9.056906700134277,-0.8264778852462769,2.2152353080671467,-0.06412500917911529,-0.24018019794483225
22.399127960205078,1784883510.1631446,5.555152893066406e-05,0.7820174694061279,0.7778456211090088,0.4253833293914795,large_error_pd,2,1,1,FOLLOW_MAIN,1.0,3.4024646779040797,103.9,102.80398753043328,102.80398753043328,0.638,0.6321372484906486,0.6321372484906486,0.0785928995000501,0.43590562348315964,0.65,0.72,0.01,0.05,-0.06682259189478164,-0.45513881891326696,-0.0007859289950005011,-0.021795281174157983,0.07,0.07,0.07,0.07,0.1341250091791153,-0.5445426209772071,-0.38,-0.38,-0.38,-0.27170192061920206,-0.03152172267436981,0.38,1,2.0,0,0,1,0.6463117684365699,0.481,nan,0.09565000000000001,0.04435,-0.05130000000000001,9.056906700134277,-0.8264778852462769,2.2152353080671467,-0.06412500917911529,-0.24018019794483225
22.735647916793823,1784883510.4996643,0.3365752696990967,3.361701965332031e-05,1.1143653392791748,0.7619030475616455,large_error_pd,2,1,1,FOLLOW_MAIN,1.0,3.4024646779040797,103.9,102.80398753043328,102.80398753043328,0.638,0.6321372484906486,0.6321372484906486,0.0785928995000501,0.43590562348315964,0.65,0.72,0.01,0.05,-0.06682259189478164,-0.45513881891326696,-0.0007859289950005011,-0.021795281174157983,0.07,0.07,0.07,0.07,0.1341250091791153,-0.5445426209772071,-0.38,-0.38,-0.38,-0.38,-0.03152172267436981,0.38,1,2.0,0,0,1,0.6463117684365699,0.481,nan,0.09565000000000001,0.04435,-0.05130000000000001,9.056906700134277,-0.8264778852462769,2.2152353080671467,-0.06412500917911529,-0.3484782773256302
23.063331604003906,1784883510.827348,0.6642591953277588,0.32771801948547363,4.291534423828125e-05,1.0895869731903076,large_error_pd,2,1,1,FOLLOW_MAIN,1.0,3.4024646779040797,103.9,102.80398753043328,102.80398753043328,0.638,0.6321372484906486,0.6321372484906486,0.0785928995000501,0.43590562348315964,0.65,0.72,0.01,0.05,-0.06682259189478164,-0.45513881891326696,-0.0007859289950005011,-0.021795281174157983,0.07,0.07,0.07,0.07,0.03987500071525574,-0.5445426209772071,-0.38,-0.38,-0.38,-0.38,-0.34673914313316345,0.38,1,2.0,0,0,1,0.6463117684365699,0.481,nan,0.09565000000000001,0.04435,-0.05130000000000001,9.002570152282715,-0.7473786473274231,1.972265786006761,0.03012499928474427,-0.03326085686683655
23.402019500732422,1784883511.166036,0.33167147636413574,6.651878356933594e-05,0.3387305736541748,0.33535313606262207,large_error_pd,2,1,1,FOLLOW_MAIN,1.0,4.46207310296983,109.7,109.4078665701787,109.4078665701787,0.665,0.6636876851501438,0.6636876851501438,0.009797819927365165,0.04908873121749053,0.65,0.72,0.01,0.05,-0.07111511327061616,-0.4778551333081035,-9.797819927365165e-05,-0.0024544365608745265,0.07,0.07,0.07,0.07,0.03987500071525574,-0.5515226613388677,-0.38,-0.38,-0.38,-0.38,-0.34673914313316345,0.38,1,2.0,0,0,1,0.6395862900591089,0.15199999999999997,nan,0.09565000000000001,0.04435,-0.05130000000000001,9.002570152282715,-0.7473786473274231,1.972265786006761,0.03012499928474427,-0.03326085686683655
23.753456115722656,1784883511.5174727,7.033348083496094e-05,0.3515031337738037,0.3479349613189697,0.6867902278900146,large_error_pd,2,1,1,FOLLOW_MAIN,1.0,4.443443075698455,120.80000000000001,118.70216481697,118.70216481697,0.712,0.7031165807138813,0.7031165807138813,0.022163217612654152,0.09474994725661154,0.65,0.72,0.01,0.05,-0.0771564071310305,-0.5062439381139945,-0.00022163217612654153,-0.0047374973628305775,0.07,0.07,0.07,0.07,0.11237500607967377,-0.5883594747839821,-0.38,-0.38,-0.38,-0.38,-0.22065217792987823,0.38,1,2.0,0,0,1,0.6237250487225589,0.064,nan,0.09565000000000001,0.04435,-0.05130000000000001,8.992471694946289,-0.7214024066925049,1.8998609228362013,-0.04237500607967376,-0.15934782207012177
24.076728343963623,1784883511.840745,0.32334232330322266,3.170967102050781e-05,0.6712067127227783,1.0100617408752441,large_error_pd,2,1,1,FOLLOW_MAIN,1.0,4.443443075698455,120.80000000000001,118.70216481697,118.70216481697,0.712,0.7031165807138813,0.7031165807138813,0.022163217612654152,0.09474994725661154,0.65,0.72,0.01,0.05,-0.0771564071310305,-0.5062439381139945,-0.00022163217612654153,-0.0047374973628305775,0.07,0.07,0.07,0.07,0.11237500607967377,-0.5883594747839821,-0.38,-0.38,-0.38,-0.38,-0.22065217792987823,0.38,1,2.0,0,0,1,0.6237250487225589,0.064,nan,0.09565000000000001,0.04435,-0.05130000000000001,8.992471694946289,-0.7214024066925049,1.8998609228362013,-0.04237500607967376,-0.15934782207012177
24.411266088485718,1784883512.1752825,0.32390356063842773,0.33456993103027344,3.647804260253906e-05,0.3277599811553955,large_error_pd,2,1,1,FOLLOW_MAIN,1.0,4.443443075698455,120.80000000000001,118.70216481697,118.70216481697,0.712,0.7031165807138813,0.7031165807138813,0.022163217612654152,0.09474994725661154,0.65,0.72,0.01,0.05,-0.0771564071310305,-0.5062439381139945,-0.00022163217612654153,-0.0047374973628305775,0.07,0.07,0.07,0.07,0.09424999356269836,-0.5883594747839821,-0.38,-0.38,-0.38,-0.38,-0.18913044035434723,0.38,1,2.0,0,0,1,0.6237250487225589,0.064,nan,0.09565000000000001,0.04435,-0.05130000000000001,8.982352256774902,-0.6591953635215759,1.5646578268987064,-0.024249993562698358,-0.19086955964565278
24.747047185897827,1784883512.5110638,0.33202195167541504,0.32872748374938965,0.32511401176452637,4.00543212890625e-05,large_error_pd,2,1,1,FOLLOW_MAIN,1.0,4.751144875485288,100.7,114.3553817286963,114.3553817286963,0.623,0.6845937527069287,0.6845937527069287,-0.007539448033095555,-0.03199526600563733,0.65,0.72,0.01,0.05,-0.0743309981236526,-0.49290750194898864,7.539448033095556e-05,0.0015997633002818668,0.07,0.07,0.07,0.07,0.09062499552965164,-0.5655633422920283,-0.38,-0.38,-0.38,-0.38,-0.22065217792987823,0.38,1,3.0,0,0,1,0.591120535142861,-1.976,nan,0.09565000000000001,0.04435,-0.05130000000000001,8.982396125793457,-0.6520361304283142,1.547226521649871,-0.020624995529651635,-0.15934782207012177
25.08814811706543,1784883512.8521652,6.270408630371094e-05,0.333904504776001,0.3302905559539795,0.3411412239074707,large_error_pd,2,1,1,FOLLOW_MAIN,1.0,4.805401302560172,49.5,69.00098496545154,69.00098496545154,0.34,0.4565806031419881,0.4565806031419881,-0.05600475298574757,-0.2976240504572635,0.65,0.72,0.01,0.05,-0.0448506402275435,-0.3287380342622314,0.0005600475298574758,0.014881202522863174,0.07,0.07,0.07,0.07,0.07975000143051147,-0.3581474244370542,-0.3581474244370542,-0.3581474244370542,-0.3581474244370542,-0.38,-0.25217390060424805,0.38,1,2.0,0,0,1,0.7287205008797962,0.487,nan,0.09417495114950117,0.045825048850498845,-0.04834990229900232,8.982544898986816,-0.6457376480102539,1.5273042118181024,-0.009750001430511468,-0.12782609939575196
25.41363024711609,1784883513.1776469,0.3255441188812256,0.3220939636230469,4.410743713378906e-05,0.6666228771209717,large_error_pd,2,1,1,FOLLOW_MAIN,1.0,4.805401302560172,49.5,69.00098496545154,69.00098496545154,0.34,0.4565806031419881,0.4565806031419881,-0.05600475298574757,-0.2976240504572635,0.65,0.72,0.01,0.05,-0.0448506402275435,-0.3287380342622314,0.0005600475298574758,0.014881202522863174,0.07,0.07,0.07,0.07,0.07612499594688416,-0.3581474244370542,-0.3581474244370542,-0.3581474244370542,-0.3581474244370542,-0.3581474244370542,-0.40978261828422546,0.38,1,2.0,0,0,1,0.7287205008797962,0.487,nan,0.09417495114950117,0.045825048850498845,-0.04834990229900232,8.998290061950684,-0.5839018821716309,1.1225343912903978,-0.006124995946884149,0.051635193847171246
25.747657299041748,1784883513.5116737,0.3257863521575928,0.32244277000427246,4.553794860839844e-05,0.33058977127075195,curve_pd,1,1,1,FOLLOW_MAIN,1.0,5.1003345028535545,41.400000000000006,54.980656676959185,54.980656676959185,0.28800000000000003,0.3727644097026907,0.3727644097026907,-0.06623861031844167,-0.3754230614129096,0.58,0.72,0.01,0.05,-0.03188878087263632,-0.2683903749859373,0.0006623861031844167,0.01877115307064548,0.07099645928625929,0.07099645928625929,0.07099645928625929,0.07290098523789575,0.06525000184774399,-0.2808456166847437,-0.2808456166847437,-0.2808456166847437,-0.2808456166847437,-0.2376076172445729,-0.37826085090637207,0.38,1,2.0,0,0,0,0.7473311503816767,1.3639999999999999,nan,0.0899535384124795,0.05203938016003909,-0.037914158252440405,9.008438110351562,-0.5650594830513,1.002659420890955,0.007650983390151758,0.14065323366179916
26.092278242111206,1784883513.8562946,7.987022399902344e-05,0.334338903427124,0.33092284202575684,0.34131741523742676,curve_pd,1,1,1,FOLLOW_MAIN,1.0,3.8139126041416924,12.200000000000001,27.262065229178273,27.262065229178273,0.08700000000000001,0.191821687526974,0.191821687526974,-0.03111669620216078,-0.20300868927872648,0.58,0.72,0.01,0.05,-0.015811997832923398,-0.1381116150194213,0.0003111669620216078,0.010150434463936325,0.07540899144216395,0.07540899144216395,0.07540899144216395,0.07453864182567214,0.06887499988079071,-0.14346201142638676,-0.14346201142638676,-0.14346201142638676,-0.14346201142638676,-0.19114662560477735,-0.34673914313316345,0.38,1,2.0,0,0,0,0.7937788572859363,3.039,nan,0.08509267721344506,0.06572530567088285,-0.01936737154256221,9.013663291931152,-0.5568737387657166,0.9537683788037895,0.005663641944881434,0.1555925175283861
26.418018579483032,1784883514.1820352,0.3258206844329834,0.32242274284362793,4.076957702636719e-05,0.6670577526092529,curve_pd,1,1,1,FOLLOW_MAIN,1.0,3.8139126041416924,12.200000000000001,27.262065229178273,27.262065229178273,0.08700000000000001,0.191821687526974,0.191821687526974,-0.03111669620216078,-0.20300868927872648,0.58,0.72,0.01,0.05,-0.015811997832923398,-0.1381116150194213,0.0003111669620216078,0.010150434463936325,0.07540899144216395,0.07540899144216395,0.07540899144216395,0.07540899144216395,0.0833749994635582,-0.14346201142638676,-0.14346201142638676,-0.14346201142638676,-0.14346201142638676,-0.14346201142638676,-0.22065216302871704,0.38,1,2.0,0,0,0,0.7937788572859363,3.039,nan,0.08509267721344506,0.06572530567088285,-0.01936737154256221,9.041072845458984,-0.5222581624984741,0.8486734162806168,-0.007966008021394244,0.07719015160233028
26.748146295547485,1784883514.5121632,6.4849853515625e-05,0.3196244239807129,0.3161625862121582,0.32673192024230957,center_cruise,4,1,1,FOLLOW_MAIN,1.0,4.898342318286971,-19.1,-5.091112226120068,0.0,-0.135,-0.036212746904028315,-0.036212746904028315,-0.033403556539853406,-0.37149444667269005,0.0,0.0,0.01,0.05,0.0,0.0,0.0,0.0,0.15674695418518308,0.15674695418518308,0.15674695418518308,0.10678942535951816,0.07612499594688416,0.0,0.0,0.0,0.0,-0.03271197711435581,-0.15760867297649384,0.012,0,1.0,1,1,0,0.8199755228473687,5.0,nan,0.15674695418518308,0.15674695418518308,0.0,9.045148849487305,-0.5176310539245605,0.8359075465541552,0.030664429412634003,0.12489669586213803
27.086469888687134,1784883514.8504863,0.3243527412414551,0.3210470676422119,3.814697265625e-05,0.3281710147857666,center_cruise,4,1,1,FOLLOW_MAIN,1.0,4.898342318286971,-19.1,-5.091112226120068,0.0,-0.135,-0.036212746904028315,-0.036212746904028315,-0.033403556539853406,-0.37149444667269005,0.0,0.0,0.01,0.05,0.0,0.0,0.0,0.0,0.15674695418518308,0.15674695418518308,0.15674695418518308,0.15674695418518308,0.09424999356269836,0.0,0.0,0.0,0.0,0.0,-0.06304347515106201,0.012,0,1.0,1,1,0,0.8199755228473687,5.0,nan,0.15674695418518308,0.15674695418518308,0.0,9.080140113830566,-0.4819980561733246,0.7578912830235127,0.06249696062248472,0.06304347515106201
27.41580367088318,1784883515.1798203,6.890296936035156e-05,0.3217277526855469,0.3182406425476074,0.3149130344390869,curve_pd,1,1,1,FOLLOW_MAIN,1.0,4.926387471233706,-38.0,-31.209846246397152,-31.209846246397152,-0.265,-0.21898596126032802,-0.21898596126032802,-0.04129022387720018,-0.2819018823490787,0.58,0.72,0.01,0.05,0.018101710822910348,0.15766989210743618,0.00041290223877200183,0.014095094117453936,0.0691714164723948,0.0691714164723948,0.0691714164723948,0.07130919416733557,0.10875000059604645,0.19027959928657245,0.19027959928657245,0.19027959928657245,0.19027959928657245,0.1540181021417049,-0.12608696520328522,0.38,1,2.0,0,0,0,0.7281201733936296,5.0,nan,0.056327543520551165,0.08201528942423844,0.025687745903687276,9.086064338684082,-0.4763915240764618,0.7484345949412173,-0.03744080642871088,0.2801050673449901
27.77110767364502,1784883515.535124,0.00010037422180175781,0.3519110679626465,0.33394861221313477,0.3451192378997803,curve_pd,1,1,1,FOLLOW_MAIN,1.0,4.751595524744175,-50.300000000000004,-42.16477472278372,-42.16477472278372,-0.34500000000000003,-0.29248158392923823,-0.29248158392923823,-0.029182710385181235,-0.1964283195786684,0.58,0.72,0.01,0.05,0.024455569339214556,0.2105867404290515,0.00029182710385181233,0.00982141597893342,0.06592361202268392,0.06592361202268392,0.06592361202268392,0.06747594455828532,0.1014999970793724,0.24515555285105128,0.24515555285105128,0.24515555285105128,0.24515555285105128,0.20575599424757846,-0.0630434900522232,0.38,1,2.0,0,0,0,0.6939327581335148,5.0,nan,0.04937561220523795,0.08247161184012988,0.03309599963489193,9.13380241394043,-0.4334604740142822,0.7123761797917066,-0.03402405252108709,0.26879948429980166
28.09973955154419,1784883515.863756,0.3287324905395508,4.172325134277344e-05,0.6625804901123047,0.6737513542175293,curve_pd,1,1,1,FOLLOW_MAIN,1.0,4.751595524744175,-50.300000000000004,-42.16477472278372,-42.16477472278372,-0.34500000000000003,-0.29248158392923823,-0.29248158392923823,-0.029182710385181235,-0.1964283195786684,0.58,0.72,0.01,0.05,0.024455569339214556,0.2105867404290515,0.00029182710385181233,0.00982141597893342,0.06592361202268392,0.06592361202268392,0.06592361202268392,0.065,0.1014999970793724,0.24515555285105128,0.24515555285105128,0.24515555285105128,0.24515555285105128,0.27923438379765475,-0.0630434900522232,0.38,1,2.0,0,0,0,0.6939327581335148,5.0,nan,0.04937561220523795,0.08247161184012988,0.03309599963489193,9.13380241394043,-0.4334604740142822,0.7123761797917066,-0.036499997079372404,0.34227787384987796
28.431777715682983,1784883516.1957943,0.00010013580322265625,0.3320801258087158,0.3284800052642822,0.32511305809020996,curve_pd,1,1,1,FOLLOW_MAIN,1.0,5.049260393597365,-52.2,-50.34089174574616,-50.34089174574616,-0.357,-0.3448489404349562,-0.3448489404349562,-0.012768487159964391,-0.08232299094022237,0.58,0.72,0.01,0.05,0.029197717212532774,0.24829123711316844,0.00012768487159964392,0.004116149547011119,0.065,0.065,0.065,0.065,0.06887499988079071,0.28173278874431196,0.28173278874431196,0.28173278874431196,0.28173278874431196,0.27923438379765475,0.09456521272659302,0.38,1,2.0,0,0,0,0.670383366478215,5.0,nan,0.04598303675975894,0.08401696324024106,0.03803392648048212,9.159394264221191,-0.41149380803108215,0.7144571588147195,-0.0038749998807907082,0.18466917107106173
28.769181728363037,1784883516.5331984,6.914138793945312e-05,0.33396005630493164,0.33051371574401855,0.3271315097808838,curve_pd,1,1,1,FOLLOW_MAIN,1.0,4.141466005316109,-45.300000000000004,-48.1981533540076,-48.1981533540076,-0.313,-0.3314732469058127,-0.3314732469058127,0.0027662403917689967,0.01670508244034748,0.58,0.72,0.01,0.05,0.027954928945324406,0.23866073777218513,-2.766240391768997e-05,-0.0008352541220173741,0.065,0.065,0.065,0.065,0.0507499985396862,0.26575275019157446,0.26575275019157446,0.26575275019157446,0.26575275019157446,0.28173278874431196,0.0,0.38,1,2.0,0,0,0,0.6813841784908392,4.787999999999999,nan,0.047061689362068726,0.08293831063793128,0.03587662127586255,9.172924995422363,-0.3997877538204193,0.7108636958975502,0.0142500014603138,0.28173278874431196
29.09388780593872,1784883516.8579042,0.32477450370788574,0.3213074207305908,0.3175323009490967,5.269050598144531e-05,curve_pd,1,1,1,FOLLOW_MAIN,1.0,4.141466005316109,-45.300000000000004,-48.1981533540076,-48.1981533540076,-0.313,-0.3314732469058127,-0.3314732469058127,0.0027662403917689967,0.01670508244034748,0.58,0.72,0.01,0.05,0.027954928945324406,0.23866073777218513,-2.766240391768997e-05,-0.0008352541220173741,0.065,0.065,0.065,0.065,0.06162500008940697,0.26575275019157446,0.26575275019157446,0.26575275019157446,0.26575275019157446,0.26575275019157446,0.15760868787765503,0.38,1,2.0,0,0,0,0.6813841784908392,4.787999999999999,nan,0.047061689362068726,0.08293831063793128,0.03587662127586255,9.188138008117676,-0.38658377528190613,0.7339044114750132,0.003374999910593035,0.10814406231391943
29.43723201751709,1784883517.2012484,6.413459777832031e-05,0.3361036777496338,0.3253824710845947,0.3433969020843506,curve_pd,1,1,1,FOLLOW_MAIN,1.0,4.50878727721664,-15.700000000000003,-33.32727693691723,-33.32727693691723,-0.112,-0.2340708928688972,-0.2340708928688972,0.025710928771284326,0.16911441844745734,0.58,0.72,0.01,0.05,0.01932982062341199,0.168531042865606,-0.00025710928771284324,-0.008455720922372867,0.07360138228957365,0.07360138228957365,0.07360138228957365,0.06639645253586925,0.06887499988079071,0.17914803327893228,0.17914803327893228,0.19582193887865137,0.19582193887865137,0.2521500067752261,0.22065216302871704,0.38,1,2.0,0,0,0,0.7747513925218279,2.947,nan,0.06038340141526468,0.08681936316388261,0.026435961748617932,9.211759567260742,-0.3640553653240204,0.7989011364299706,-0.002478547344921464,0.03149784374650905
29.847720861434937,1784883517.6117373,5.602836608886719e-05,0.4071187973022461,0.4034407138824463,0.40010762214660645,mid_pd_tracking,6,1,1,FOLLOW_MAIN,1.0,4.0546871322939655,-4.3,-18.125766205225627,-18.125766205225627,-0.031,-0.1287987062109932,-0.1287987062109932,0.043240259406411144,0.2959019412360772,0.42,0.52,0.01,0.05,0.0076128218061947625,0.06697532722971647,-0.00043240259406411146,-0.01479509706180386,0.10620130666466976,0.09328438954534704,0.09328438954534704,0.07360138228957365,0.06162499636411667,0.05936064938004326,0.05936064938004326,0.06566856047810495,0.06566856047810495,0.18148060015810039,0.22065216302871704,0.24,0,1.0,0,0,0,0.8496104533173581,2.27,nan,0.08885176171307496,0.09771701737761912,0.008865255664544158,9.218992233276367,-0.35653626918792725,0.8292260925705938,0.011976385925456981,-0.039171562870616655
30.171991109848022,1784883517.9360075,0.3243262767791748,8.463859558105469e-05,0.727710485458374,0.7243776321411133,mid_pd_tracking,6,1,1,FOLLOW_MAIN,1.0,4.0546871322939655,-4.3,-18.125766205225627,-18.125766205225627,-0.031,-0.1287987062109932,-0.1287987062109932,0.043240259406411144,0.2959019412360772,0.42,0.52,0.01,0.05,0.0076128218061947625,0.06697532722971647,-0.00043240259406411146,-0.01479509706180386,0.10620130666466976,0.09328438954534704,0.09328438954534704,0.13548228056033576,0.06162499636411667,0.05936064938004326,0.05936064938004326,0.06566856047810495,0.06566856047810495,0.0073743191799546986,0.22065216302871704,0.24,0,1.0,0,0,0,0.8496104533173581,2.27,nan,0.08885176171307496,0.09771701737761912,0.008865255664544158,9.218992233276367,-0.35653626918792725,0.8292260925705938,0.07385728419621909,-0.21327784384876233
30.501500368118286,1784883518.2655168,0.31885266304016113,3.528594970703125e-05,0.3259756565093994,0.3226003646850586,center_cruise,4,1,1,FOLLOW_MAIN,1.0,4.233821267510493,14.600000000000001,2.708052735051897,0.0,0.10400000000000001,0.019553675921682653,0.0,0.028657355633781374,0.2631286029996879,0.0,0.0,0.01,0.05,0.0,0.0,0.0,0.0,0.13548228056033576,0.13548228056033576,0.13548228056033576,0.143332111768159,0.09062499552965164,0.0,0.0,0.003382850980134906,0.003382850980134906,-0.032683387799988854,0.15760868787765503,0.012,0,0.0,1,1,0,0.9691458536347166,0.5339999999999999,nan,0.13525393811917666,0.13571062300149486,0.0004566848823182035,9.248882293701172,-0.31696608662605286,0.9923177816444433,0.05270711623850735,-0.1902920756776439
30.84641408920288,1784883518.610431,7.152557373046875e-05,0.34494948387145996,0.3272054195404053,0.33086514472961426,curve_pd,1,1,1,FOLLOW_MAIN,1.0,4.33622175254343,62.2,43.412666715520444,43.412666715520444,0.418,0.3001573584032302,0.3001573584032302,0.05848775975643767,0.368126739479499,0.58,0.72,0.01,0.05,-0.025179346695001856,-0.21611329805032575,-0.0005848775975643767,-0.018406336973974948,0.07606790877077962,0.07606790877077962,0.07606790877077962,0.143332111768159,0.11599999666213989,-0.26028385931686693,-0.26028385931686693,-0.25406190536043144,-0.25406190536043144,-0.032683387799988854,0.12608695030212402,0.38,1,1.0,0,0,0,0.8007148291661013,-0.7649999999999999,nan,0.09321708738260875,0.0589187301589505,-0.03429835722365825,9.269533157348633,-0.2813834846019745,1.0857815912132593,0.0273321151060191,-0.15877033810211288
31.18166995048523,1784883518.9456866,0.3353271484375,0.3273470401763916,3.8623809814453125e-05,0.6661202907562256,curve_pd,1,1,1,FOLLOW_MAIN,1.0,4.33622175254343,62.2,43.412666715520444,43.412666715520444,0.418,0.3001573584032302,0.3001573584032302,0.05848775975643767,0.368126739479499,0.58,0.72,0.01,0.05,-0.025179346695001856,-0.21611329805032575,-0.0005848775975643767,-0.018406336973974948,0.07606790877077962,0.07606790877077962,0.07606790877077962,0.07606790877077962,0.13774998486042023,-0.26028385931686693,-0.26028385931686693,-0.25406190536043144,-0.25406190536043144,-0.25406190536043144,0.0630435049533844,0.38,1,1.0,0,0,0,0.8007148291661013,-0.7649999999999999,nan,0.09321708738260875,0.0589187301589505,-0.03429835722365825,9.29971981048584,-0.22268448770046234,1.1112200224084774,-0.0616820760896406,-0.31710541031381584
31.51303243637085,1784883519.2770493,0.3240175247192383,3.504753112792969e-05,0.3314018249511719,0.3278512954711914,curve_pd,1,1,1,FOLLOW_MAIN,1.0,4.4286237175090015,72.5,58.284113368599066,58.284113368599066,0.47800000000000004,0.393437790033832,0.393437790033832,0.06328886025748486,0.39758488398125447,0.58,0.72,0.01,0.05,-0.03380478575378745,-0.283275208824359,-0.0006328886025748486,-0.019879244199062725,0.07201772200764657,0.07201772200764657,0.07201772200764657,0.07,0.13774998486042023,-0.33759212737978406,-0.33759212737978406,-0.33759212737978406,-0.33759212737978406,-0.38,0.0630435049533844,0.38,1,1.0,0,0,0,0.7580812842910165,-0.565,nan,0.09480519060578199,0.04923025340951115,-0.04557493719627084,9.29971981048584,-0.22268448770046234,1.1112200224084774,-0.06774998486042022,-0.4430435049533844
31.849900484085083,1784883519.6139169,0.3298373222351074,0.3369028568267822,0.32628774642944336,3.600120544433594e-05,large_error_pd,2,1,1,FOLLOW_MAIN,1.0,4.397773469311737,95.0,80.84527993284985,80.84527993284985,0.596,0.5228171738280645,0.5228171738280645,0.052206174465141426,0.30382496479006166,0.65,0.72,0.01,0.05,-0.0525494319563524,-0.3764283651562064,-0.0005220617446514143,-0.015191248239503083,0.07,0.07,0.07,0.07,0.08699999749660492,-0.44469110709671333,-0.38,-0.38,-0.38,-0.38,0.0,0.38,1,2.0,0,0,1,0.704845857754465,0.16099999999999998,nan,0.09565000000000001,0.04435,-0.05130000000000001,9.319579124450684,-0.1821133941411972,1.1185022323979195,-0.016999997496604913,-0.38
32.211796283721924,1784883519.9758127,7.2479248046875e-05,0.35491085052490234,0.35141873359680176,0.36193227767944336,large_error_pd,2,1,1,FOLLOW_MAIN,1.0,4.470108189017841,127.10000000000002,116.30266171611778,116.30266171611778,0.737,0.6923514046555653,0.6923514046555653,0.051400900344887215,0.24319065609112078,0.65,0.72,0.01,0.05,-0.07559673011547656,-0.498493011352007,-0.0005140090034488722,-0.01215953280455604,0.07,0.07,0.07,0.07,0.06162499636411667,-0.5867632832754885,-0.38,-0.38,-0.38,-0.38,-0.03152172267436981,0.38,1,2.0,0,0,1,0.6283957500438908,0.068,nan,0.09565000000000001,0.04435,-0.05130000000000001,9.326879501342773,-0.16708903014659882,1.1161065791254976,0.008375003635883338,-0.3484782773256302
32.549946308135986,1784883520.313963,0.3382234573364258,4.100799560546875e-05,0.6895689964294434,0.700082540512085,large_error_pd,2,1,1,FOLLOW_MAIN,1.0,4.470108189017841,127.10000000000002,116.30266171611778,116.30266171611778,0.737,0.6923514046555653,0.6923514046555653,0.051400900344887215,0.24319065609112078,0.65,0.72,0.01,0.05,-0.07559673011547656,-0.498493011352007,-0.0005140090034488722,-0.01215953280455604,0.07,0.07,0.07,0.07,0.06162499636411667,-0.5867632832754885,-0.38,-0.38,-0.38,-0.38,-0.03152172267436981,0.38,1,2.0,0,0,1,0.6283957500438908,0.068,nan,0.09565000000000001,0.04435,-0.05130000000000001,9.326879501342773,-0.16708903014659882,1.1161065791254976,0.008375003635883338,-0.3484782773256302
32.877880334854126,1784883520.641897,0.666156530380249,0.3279740810394287,3.8623809814453125e-05,1.028015375137329,large_error_pd,2,1,1,FOLLOW_MAIN,1.0,4.470108189017841,127.10000000000002,116.30266171611778,116.30266171611778,0.737,0.6923514046555653,0.6923514046555653,0.051400900344887215,0.24319065609112078,0.65,0.72,0.01,0.05,-0.07559673011547656,-0.498493011352007,-0.0005140090034488722,-0.01215953280455604,0.07,0.07,0.07,0.07,0.06887499988079071,-0.5867632832754885,-0.38,-0.38,-0.38,-0.38,-0.34673914313316345,0.38,1,2.0,0,0,1,0.6283957500438908,0.068,nan,0.09565000000000001,0.04435,-0.05130000000000001,9.358111381530762,-0.11732861399650574,0.8578191564974039,0.0011250001192092962,-0.03326085686683655
33.206966400146484,1784883520.970983,0.3218259811401367,3.3855438232421875e-05,0.32912468910217285,0.3256840705871582,large_error_pd,2,1,1,FOLLOW_MAIN,1.0,4.314826805434248,149.8,131.59154250472906,131.59154250472906,0.8190000000000001,0.7543015825641365,0.7543015825641365,0.03425220142342027,0.14453565854111944,0.65,0.72,0.01,0.05,-0.0855345026280739,-0.5430971394461782,-0.0003425220142342027,-0.007226782927055972,0.07,0.07,0.07,0.07,0.06887499988079071,-0.6362009470155423,-0.38,-0.38,-0.38,-0.38,-0.34673914313316345,0.38,1,2.0,0,0,1,0.6015113043386197,0.03799999999999999,nan,0.09565000000000001,0.04435,-0.05130000000000001,9.358111381530762,-0.11732861399650574,0.8578191564974039,0.0011250001192092962,-0.03326085686683655
33.550124406814575,1784883521.314141,0.3357384204864502,0.33228540420532227,0.32877564430236816,3.504753112792969e-05,large_error_pd,2,1,1,FOLLOW_MAIN,1.0,4.641015594008774,168.0,156.86387748201707,156.86387748201707,0.876,0.8415907958522345,0.8415907958522345,0.05225451319679386,0.18515920396666424,0.65,0.72,0.01,0.05,-0.1019615203633111,-0.6059453730136088,-0.0005225451319679387,-0.009257960198333212,0.07,0.07,0.07,0.07,0.07612500339746475,-0.7176873987072211,-0.38,-0.38,-0.38,-0.38,-0.4728260934352875,0.38,1,2.0,0,0,1,0.5588245875415317,0.26399999999999996,nan,0.09565000000000001,0.04435,-0.05130000000000001,9.382950782775879,-0.090094655752182,0.7504869413394537,-0.0061250033974647455,0.09282609343528747
33.893539905548096,1784883521.6575565,0.339663028717041,0.33609890937805176,5.173683166503906e-05,0.34345197677612305,large_error_pd,2,1,1,FOLLOW_MAIN,1.0,3.9786998486200353,172.60000000000002,166.65834960895793,166.65834960895793,0.889,0.871854470698778,0.871854470698778,0.04020811418299013,0.13306523629726044,0.65,0.72,0.01,0.05,-0.10832792724582266,-0.6277352189031201,-0.0004020811418299013,-0.006653261814863022,0.07,0.07,0.07,0.07,0.06887499988079071,-0.7431184891056357,-0.38,-0.38,-0.38,-0.38,-0.34673914313316345,0.38,1,2.0,0,0,1,0.5385199134385739,0.65,nan,0.09565000000000001,0.04435,-0.05130000000000001,9.4144868850708,-0.06717987358570099,0.4964547806683221,0.0011250001192092962,-0.03326085686683655
34.24791407585144,1784883522.0119305,7.653236389160156e-05,0.6904711723327637,0.35442423820495605,0.6978244781494141,large_error_pd,2,1,1,FOLLOW_MAIN,1.0,4.362077151879519,89.10000000000001,105.64398018235916,105.64398018235916,0.6900000000000001,0.7294006652230881,0.7294006652230881,-0.1479320820656457,-0.3462809070359664,0.65,0.72,0.01,0.05,-0.06866858711853345,-0.5251684789606235,0.001479320820656457,0.017314045351798323,0.07,0.07,0.07,0.07,0.06887499988079071,-0.575043699906702,-0.38,-0.38,-0.38,-0.38,-0.34673914313316345,0.38,1,3.0,0,0,1,0.5655011423755707,2.712051751762879,nan,0.09565000000000001,0.04435,-0.05130000000000001,9.4144868850708,-0.06717987358570099,0.4964547806683221,0.0011250001192092962,-0.03326085686683655
34.58632826805115,1784883522.350345,0.33849167823791504,3.457069396972656e-05,0.6928391456604004,1.0362393856048584,large_error_pd,2,1,1,FOLLOW_MAIN,1.0,4.362077151879519,89.10000000000001,105.64398018235916,105.64398018235916,0.6900000000000001,0.7294006652230881,0.7294006652230881,-0.1479320820656457,-0.3462809070359664,0.65,0.72,0.01,0.05,-0.06866858711853345,-0.5251684789606235,0.001479320820656457,0.017314045351798323,0.07,0.07,0.07,0.07,0.06887499988079071,-0.575043699906702,-0.38,-0.38,-0.38,-0.38,-0.34673914313316345,0.38,1,3.0,0,0,1,0.5655011423755707,2.712051751762879,nan,0.09565000000000001,0.04435,-0.05130000000000001,9.4144868850708,-0.06717987358570099,0.4964547806683221,0.0011250001192092962,-0.03326085686683655
34.92439341545105,1784883522.6884098,0.6765565872192383,0.33809971809387207,6.341934204101562e-05,1.3743045330047607,large_error_pd,2,1,1,FOLLOW_MAIN,1.0,4.362077151879519,89.10000000000001,105.64398018235916,105.64398018235916,0.6900000000000001,0.7294006652230881,0.7294006652230881,-0.1479320820656457,-0.3462809070359664,0.65,0.72,0.01,0.05,-0.06866858711853345,-0.5251684789606235,0.001479320820656457,0.017314045351798323,0.07,0.07,0.07,0.07,0.054375000298023224,-0.575043699906702,-0.38,-0.38,-0.38,-0.38,-0.4728260934352875,0.38,1,3.0,0,0,1,0.5655011423755707,2.712051751762879,nan,0.09565000000000001,0.04435,-0.05130000000000001,9.469966888427734,-0.04613563418388367,0.12103135977072868,0.015624999701976783,0.09282609343528747
35.26113939285278,1784883523.025156,1.013303279876709,0.6748466491699219,0.3368105888366699,5.173683166503906e-05,large_error_pd,2,1,1,FOLLOW_MAIN,1.0,4.362077151879519,89.10000000000001,105.64398018235916,105.64398018235916,0.6900000000000001,0.7294006652230881,0.7294006652230881,-0.1479320820656457,-0.3462809070359664,0.65,0.72,0.01,0.05,-0.06866858711853345,-0.5251684789606235,0.001479320820656457,0.017314045351798323,0.07,0.07,0.07,0.07,0.054375000298023224,-0.575043699906702,-0.38,-0.38,-0.38,-0.38,-0.4728260934352875,0.38,1,3.0,0,0,1,0.5655011423755707,2.712051751762879,nan,0.09565000000000001,0.04435,-0.05130000000000001,9.469966888427734,-0.04613563418388367,0.12103135977072868,0.015624999701976783,0.09282609343528747
35.59412956237793,1784883523.3581462,0.00011682510375976562,1.007835865020752,0.6697998046875,0.3330409526824951,large_error_pd,2,1,1,FOLLOW_MAIN,1.0,4.311573313220117,23.6,85.81291572593315,85.81291572593315,0.167,0.6599958345434209,0.6599958345434209,-0.006144809958369058,-0.04116336715697624,0.65,0.72,0.01,0.05,-0.05577839522185655,-0.47519700087126304,6.144809958369058e-05,0.0020581683578488118,0.07,0.07,0.07,0.07,0.054375000298023224,-0.5288557796356872,-0.38,-0.38,-0.38,-0.38,-0.4728260934352875,0.38,1,2.0,0,0,1,0.6495101925954343,-0.242,nan,0.09565000000000001,0.04435,-0.05130000000000001,9.469966888427734,-0.04613563418388367,0.12103135977072868,0.015624999701976783,0.09282609343528747
35.929078578948975,1784883523.693095,0.3350656032562256,0.3314805030822754,3.838539123535156e-05,0.6679897308349609,large_error_pd,2,1,1,FOLLOW_MAIN,1.0,4.311573313220117,23.6,85.81291572593315,85.81291572593315,0.167,0.6599958345434209,0.6599958345434209,-0.006144809958369058,-0.04116336715697624,0.65,0.72,0.01,0.05,-0.05577839522185655,-0.47519700087126304,6.144809958369058e-05,0.0020581683578488118,0.07,0.07,0.07,0.07,0.054375000298023224,-0.5288557796356872,-0.38,-0.38,-0.38,-0.38,-0.4728260934352875,0.38,1,2.0,0,0,1,0.6495101925954343,-0.242,nan,0.09565000000000001,0.04435,-0.05130000000000001,9.546116828918457,-0.04856550320982933,-0.2589945044630149,0.015624999701976783,0.09282609343528747
36.2542245388031,1784883524.0182412,5.936622619628906e-05,0.6566264629364014,0.3251838684082031,0.32181859016418457,near_center_pd,3,1,1,FOLLOW_MAIN,1.0,4.6381158927172805,-14.5,13.241317426435723,13.241317426435723,-0.10300000000000001,0.09668670875637522,0.09668670875637522,-0.11942559426026667,-0.7509300762208628,0.2,0.24,0.01,0.05,-0.0026482634852871448,-0.02320481010153005,0.0011942559426026667,0.037546503811043144,0.14841970856695297,0.10373332928296214,0.10373332928296214,0.07,0.054375000298023224,0.012887686166828616,0.012887686166828616,-0.1304763299607294,-0.1304763299607294,-0.38,-0.4728260934352875,0.065,0,0.0,0,1,0,0.9268888606622998,-0.38499999999999995,nan,0.11254048155531138,0.0949261770106129,-0.017614304544698478,9.546116828918457,-0.04856550320982933,-0.2589945044630149,0.015624999701976783,0.09282609343528747
36.60121488571167,1784883524.3652313,6.413459777832031e-05,0.34371185302734375,0.3334615230560303,0.3370652198791504,mid_pd_tracking,6,1,1,FOLLOW_MAIN,1.0,4.94216656798114,-51.2,-27.745196900852832,-27.745196900852832,-0.35000000000000003,-0.1946359203532908,-0.1946359203532908,-0.11758766430985511,-0.7412258042825667,0.42,0.52,0.01,0.05,0.01165298269835819,0.10121067858371122,0.0011758766430985512,0.03706129021412834,0.10892693575320864,0.10892693575320864,0.10892693575320864,0.10373332928296214,0.04349999874830246,0.1511008281392963,0.1511008281392963,-0.019425106560520395,-0.019425106560520395,-0.1304763299607294,-0.37826085090637207,0.24,0,1.0,0,0,0,0.8714154860256691,-0.319,nan,0.11023813044604376,0.10761574106037351,-0.0026223893856702485,9.56117057800293,-0.053244248032569885,-0.39620915621655356,0.06023333053465968,0.24778452094564268
36.926090478897095,1784883524.690107,0.32494068145751953,4.363059997558594e-05,0.6583380699157715,0.6619417667388916,mid_pd_tracking,6,1,1,FOLLOW_MAIN,1.0,4.94216656798114,-51.2,-27.745196900852832,-27.745196900852832,-0.35000000000000003,-0.1946359203532908,-0.1946359203532908,-0.11758766430985511,-0.7412258042825667,0.42,0.52,0.01,0.05,0.01165298269835819,0.10121067858371122,0.0011758766430985512,0.03706129021412834,0.10892693575320864,0.10892693575320864,0.10892693575320864,0.07644046890665018,0.04349999874830246,0.1511008281392963,0.1511008281392963,-0.019425106560520395,-0.019425106560520395,0.1063641005598765,-0.37826085090637207,0.24,0,1.0,0,0,0,0.8714154860256691,-0.319,nan,0.11023813044604376,0.10761574106037351,-0.0026223893856702485,9.56117057800293,-0.053244248032569885,-0.39620915621655356,0.03294047015834772,0.48462495146624857
37.25570845603943,1784883525.019725,0.31850147247314453,0.32966065406799316,4.100799560546875e-05,0.3225865364074707,curve_pd,1,1,1,FOLLOW_MAIN,1.0,4.60037305116556,-66.9,-46.94843076345362,-46.94843076345362,-0.446,-0.32183770255081323,-0.32183770255081323,-0.09711517311351582,-0.6263100655567841,0.58,0.72,0.01,0.05,0.027230089842803097,0.23172314583658551,0.0009711517311351582,0.03131550327783921,0.07644046890665018,0.07644046890665018,0.07644046890665018,0.07644046890665018,0.15950000286102295,0.291239890688363,0.291239890688363,0.09196518703887702,0.09196518703887702,0.1063641005598765,-0.12608692049980164,0.38,1,1.0,0,0,0,0.804636514806844,-0.214,nan,0.07023281878152599,0.08264811903177438,0.012415300250248396,9.620536804199219,-0.08576766401529312,-0.545653781893122,-0.08305953395437277,0.23245102105967813
37.59499382972717,1784883525.3590105,0.33530139923095703,0.32128405570983887,3.62396240234375e-05,0.3248779773712158,curve_pd,1,1,1,FOLLOW_MAIN,1.0,4.60037305116556,-66.9,-46.94843076345362,-46.94843076345362,-0.446,-0.32183770255081323,-0.32183770255081323,-0.09711517311351582,-0.6263100655567841,0.58,0.72,0.01,0.05,0.027230089842803097,0.23172314583658551,0.0009711517311351582,0.03131550327783921,0.07644046890665018,0.07644046890665018,0.07644046890665018,0.07,0.13049998879432678,0.291239890688363,0.291239890688363,0.13520831431917027,0.13520831431917027,0.24928829119940926,-0.12608695030212402,0.38,1,1.0,0,0,0,0.804636514806844,-0.214,nan,0.06731390769010619,0.08556703012319418,0.018253122433087993,9.640727996826172,-0.09823071956634521,-0.5720685942260184,-0.060499988794326776,0.3753752415015333
37.935138463974,1784883525.6991549,6.437301635742188e-05,0.3366520404815674,0.3332231044769287,0.6650221347808838,large_error_pd,2,1,1,FOLLOW_MAIN,1.0,3.7270661619057153,-79.0,-64.99365101909764,-64.99365101909764,-0.514,-0.43413643847245953,-0.43413643847245953,-0.06900662942062152,-0.43677648268469116,0.65,0.72,0.01,0.05,0.04224587316241347,0.31257823570017085,0.0006900662942062153,0.02183882413423456,0.07,0.07,0.07,0.07,0.08699999749660492,0.37735299929102506,0.37735299929102506,0.33247668063915625,0.33247668063915625,0.2804787829991983,-0.5043477416038513,0.38,1,2.0,0,0,1,0.7311434526183748,-0.825,nan,0.04755782405685696,0.09244217594314305,0.04488435188628609,9.64657974243164,-0.10199867188930511,-0.6124166516531692,-0.016999997496604913,0.7848265246030497
38.26570439338684,1784883526.029721,0.3306307792663574,0.32028985023498535,3.790855407714844e-05,0.9955885410308838,large_error_pd,2,1,1,FOLLOW_MAIN,1.0,3.7270661619057153,-79.0,-64.99365101909764,-64.99365101909764,-0.514,-0.43413643847245953,-0.43413643847245953,-0.06900662942062152,-0.43677648268469116,0.65,0.72,0.01,0.05,0.04224587316241347,0.31257823570017085,0.0006900662942062153,0.02183882413423456,0.07,0.07,0.07,0.07,0.04349999874830246,0.37735299929102506,0.37735299929102506,0.33247668063915625,0.33247668063915625,0.3534828403598658,0.37826085090637207,0.38,1,2.0,0,0,1,0.7311434526183748,-0.825,nan,0.04755782405685696,0.09244217594314305,0.04488435188628609,9.688194274902344,-0.13632629811763763,-0.6235746607893,0.026500001251697547,-0.024778010546506246
38.638108253479004,1784883526.4021246,6.389617919921875e-05,0.3643765449523926,0.3607008457183838,0.35729503631591797,near_center_pd,3,1,1,FOLLOW_MAIN,1.0,5.660122663981162,-9.200000000000001,-8.436244859103098,0.0,-0.066,-0.0601976900222841,-0.0601976900222841,0.04642702483552452,0.25876598488055574,0.2,0.24,0.01,0.05,-0.0,0.014447445605348185,-0.00046427024835524525,-0.012938299244027788,0.15,0.13705421987885522,0.13705421987885522,0.07,0.06162499636411667,0.0,0.0,0.1655240871595452,0.1655240871595452,0.38,0.28369560837745667,0.065,0,0.0,0,1,0,0.9517645931285186,-0.29781285658374435,nan,0.12588134399558593,0.1482270957621245,0.02234575176653858,9.692096710205078,-0.13913315534591675,-0.6014456059238692,0.008375003635883338,0.09630439162254334
39.08905029296875,1784883526.8530667,0.4510064125061035,3.314018249511719e-05,0.8116436004638672,0.8082377910614014,near_center_pd,3,1,1,FOLLOW_MAIN,1.0,5.660122663981162,-9.200000000000001,-8.436244859103098,0.0,-0.066,-0.0601976900222841,-0.0601976900222841,0.04642702483552452,0.25876598488055574,0.2,0.24,0.01,0.05,-0.0,0.014447445605348185,-0.00046427024835524525,-0.012938299244027788,0.15,0.13705421987885522,0.13705421987885522,0.15,0.06162499636411667,0.0,0.0,0.1655240871595452,0.1655240871595452,0.08957994255954692,0.28369560837745667,0.065,0,0.0,0,1,0,0.9517645931285186,-0.29781285658374435,nan,0.12588134399558593,0.1482270957621245,0.02234575176653858,9.692096710205078,-0.13913315534591675,-0.6014456059238692,0.08837500363588333,-0.19411566581790973
39.43105912208557,1784883527.1950755,0.7930154800415039,0.3420426845550537,3.933906555175781e-05,1.1502470970153809,near_center_pd,3,1,1,FOLLOW_MAIN,1.0,5.660122663981162,-9.200000000000001,-8.436244859103098,0.0,-0.066,-0.0601976900222841,-0.0601976900222841,0.04642702483552452,0.25876598488055574,0.2,0.24,0.01,0.05,-0.0,0.014447445605348185,-0.00046427024835524525,-0.012938299244027788,0.15,0.13705421987885522,0.13705421987885522,0.15,0.14137499034404755,0.0,0.0,0.1655240871595452,0.1655240871595452,0.08957994255954692,0.15760867297649384,0.065,0,0.0,0,1,0,0.9517645931285186,-0.29781285658374435,nan,0.12588134399558593,0.1482270957621245,0.02234575176653858,9.791746139526367,-0.18704232573509216,-0.2819093814515885,0.008625009655952448,-0.06802873041694692
39.7640814781189,1784883527.528098,1.12603759765625,0.6750643253326416,0.33306121826171875,3.5762786865234375e-05,near_center_pd,3,1,1,FOLLOW_MAIN,1.0,5.660122663981162,-9.200000000000001,-8.436244859103098,0.0,-0.066,-0.0601976900222841,-0.0601976900222841,0.04642702483552452,0.25876598488055574,0.2,0.24,0.01,0.05,-0.0,0.014447445605348185,-0.00046427024835524525,-0.012938299244027788,0.15,0.13705421987885522,0.13705421987885522,0.15,0.14137499034404755,0.0,0.0,0.1655240871595452,0.1655240871595452,0.08957994255954692,0.15760867297649384,0.065,0,0.0,0,1,0,0.9517645931285186,-0.29781285658374435,nan,0.12588134399558593,0.1482270957621245,0.02234575176653858,9.791746139526367,-0.18704232573509216,-0.2819093814515885,0.008625009655952448,-0.06802873041694692
40.094364404678345,1784883527.8583808,0.32660961151123047,3.361701965332031e-05,0.663344144821167,0.3303186893463135,near_center_pd,3,1,1,FOLLOW_MAIN,1.0,5.168356975027763,-6.0,-7.835017813788075,0.0,-0.043000000000000003,-0.056631529549673355,-0.056631529549673355,0.0038296169743213394,0.03700247676592086,0.2,0.24,0.01,0.05,-0.0,0.013591567091921605,-3.8296169743213396e-05,-0.0018501238382960432,0.15,0.15,0.15,0.15315698591992258,0.14137499034404755,0.01170314708388235,0.01170314708388235,0.021576246759403155,0.021576246759403155,0.007756914683979111,0.15760867297649384,0.065,0,0.0,0,1,0,0.9537521404180986,-0.3062742414591179,nan,0.14854360334374028,0.1514563966562597,0.002912793312519424,9.791746139526367,-0.18704232573509216,-0.2819093814515885,0.011781995575875032,-0.14985175829251474
40.428502559661865,1784883528.1925192,0.3268766403198242,0.33417272567749023,4.0531158447265625e-05,0.6644575595855713,center_cruise,4,1,1,FOLLOW_MAIN,1.0,4.8585028435664315,-3.9000000000000004,-6.368284156252978,0.0,-0.028,-0.045735818868305966,-0.045735818868305966,0.0018099863095841508,0.043045485100963135,0.0,0.0,0.01,0.05,0.0,0.0,0.0,0.0,0.15547209099412582,0.15315698591992258,0.15315698591992258,0.15315698591992258,0.1522499918937683,0.0,0.0,0.007756914683979111,0.007756914683979111,0.007756914683979111,0.12608695030212402,0.012,0,0.0,1,1,0,0.9604273536846198,-0.30755526284344464,nan,0.152633394178754,0.15368057766109117,0.0010471834823371773,9.84083366394043,-0.20037296414375305,-0.24064771341833144,0.0009069940261542675,-0.11833003561814491
40.77898669242859,1784883528.543003,0.3433091640472412,3.4332275390625e-05,0.3505241870880127,0.34705662727355957,center_cruise,4,1,1,FOLLOW_MAIN,1.0,4.957256824144308,-1.2000000000000002,-4.510649704029534,0.0,-0.009000000000000001,-0.03238781431028335,-0.03238781431028335,0.0009431784901724468,0.05512092522325103,0.0,0.0,0.01,0.05,0.0,0.0,0.0,0.0,0.15863221837261784,0.15863221837261784,0.15863221837261784,0.13431507662271083,0.1522499918937683,0.0,0.0,0.0,0.0,0.0,0.12608695030212402,0.012,0,0.0,1,1,0,0.9684088174467859,-0.31800560360131214,nan,0.15863221837261784,0.15863221837261784,0.0,9.84083366394043,-0.20037296414375305,-0.24064771341833144,-0.017934915271057478,-0.12608695030212402
41.108291149139404,1784883528.8723075,0.6726133823394775,0.32936930656433105,7.295608520507812e-05,0.6763916015625,center_cruise,4,1,1,FOLLOW_MAIN,1.0,4.957256824144308,-1.2000000000000002,-4.510649704029534,0.0,-0.009000000000000001,-0.03238781431028335,-0.03238781431028335,0.0009431784901724468,0.05512092522325103,0.0,0.0,0.01,0.05,0.0,0.0,0.0,0.0,0.15863221837261784,0.15863221837261784,0.15863221837261784,0.13431507662271083,0.1667499989271164,0.0,0.0,0.0,0.0,0.0,0.31521737575531006,0.012,0,0.0,1,1,0,0.9684088174467859,-0.31800560360131214,nan,0.15863221837261784,0.15863221837261784,0.0,9.973334312438965,-0.22752462327480316,-0.12357656297160649,-0.03243492230440556,-0.31521737575531006
41.45192837715149,1784883529.215945,0.333005428314209,4.2438507080078125e-05,0.34368062019348145,1.0199990272521973,center_cruise,4,1,1,FOLLOW_MAIN,1.0,3.7823552273907497,1.8,-1.4410314561928546,0.0,0.013000000000000001,-0.010702747026819056,0.0,0.00027771677807270735,0.07852995177236738,0.0,0.0,0.01,0.05,0.0,0.0,0.0,0.0,0.12103536727650399,0.14684749102224937,0.14684749102224937,0.15,0.1667499989271164,0.0,0.0,0.0,0.0,-0.01597530180006288,0.31521737575531006,0.012,0,0.0,1,1,0,0.9817129671891093,-0.3303164164174325,nan,0.14684749102224937,0.14684749102224937,0.0,9.973334312438965,-0.22752462327480316,-0.12357656297160649,-0.0167499989271164,-0.33119267755537296
41.77634572982788,1784883529.5403624,0.6574232578277588,0.3244602680206299,0.32091593742370605,4.8160552978515625e-05,center_cruise,4,1,1,FOLLOW_MAIN,1.0,3.7823552273907497,1.8,-1.4410314561928546,0.0,0.013000000000000001,-0.010702747026819056,0.0,0.00027771677807270735,0.07852995177236738,0.0,0.0,0.01,0.05,0.0,0.0,0.0,0.0,0.12103536727650399,0.14684749102224937,0.14684749102224937,0.15,0.16312500834465027,0.0,0.0,0.0,0.0,-0.01597530180006288,0.15760864317417145,0.012,0,0.0,1,1,0,0.9817129671891093,-0.3303164164174325,nan,0.14684749102224937,0.14684749102224937,0.0,9.985798835754395,-0.22907286882400513,-0.11144010056649901,-0.013125008344650274,-0.17358394497423432
42.10664916038513,1784883529.8706656,5.698204040527344e-05,0.32669615745544434,0.31557512283325195,0.3303499221801758,mid_pd_tracking,6,1,1,FOLLOW_MAIN,1.0,4.85695525751456,26.5,17.324110863019172,17.324110863019172,0.19,0.12404242253148745,0.12404242253148745,0.03356360330080107,0.153132274625166,0.42,0.52,0.01,0.05,-0.007276126562468051,-0.06450205971637347,-0.0003356360330080107,-0.0076566137312583,0.11362841852704544,0.11362841852704544,0.11362841852704544,0.11362841852704544,0.15950000286102295,-0.07977043604310784,-0.07977043604310784,-0.07977043604310784,-0.07977043604310784,-0.06700580581335544,0.0,0.24,0,0.0,0,0,0,0.9090273482163636,-0.4294254061199454,nan,0.11901292295995522,0.10824391409413567,-0.010769008865819552,10.054313659667969,-0.2356085479259491,-0.08676091446429311,-0.045871584333977505,-0.06700580581335544
42.472440242767334,1784883530.236457,9.632110595703125e-05,0.3520658016204834,0.3444228172302246,0.3555004596710205,curve_pd,1,1,1,FOLLOW_MAIN,1.0,6.163200917002042,39.2,42.50073360208637,42.50073360208637,0.28500000000000003,0.3090651783958234,0.3090651783958234,0.01570394887830954,0.11563922981314381,0.58,0.72,0.01,0.05,-0.024650425489210096,-0.22252692844499286,-0.0001570394887830954,-0.005781961490657191,0.07716734949732636,0.07716734949732636,0.07716734949732636,0.10695043566271731,0.12687499821186066,-0.25311635491364326,-0.25311635491364326,-0.25311635491364326,-0.25311635491364326,-0.12932783479057455,-0.0315217524766922,0.38,1,1.0,0,0,0,0.8122878894455405,-0.23325989614003578,nan,0.09425270345399728,0.060081995540655436,-0.03417070791334184,10.121493339538574,-0.24088940024375916,-0.0752233679612607,-0.01992456254914335,-0.09780608231388235
42.83002185821533,1784883530.5940385,0.3576774597167969,3.719329833984375e-05,0.7020037174224854,0.7130815982818604,curve_pd,1,1,1,FOLLOW_MAIN,1.0,6.163200917002042,39.2,42.50073360208637,42.50073360208637,0.28500000000000003,0.3090651783958234,0.3090651783958234,0.01570394887830954,0.11563922981314381,0.58,0.72,0.01,0.05,-0.024650425489210096,-0.22252692844499286,-0.0001570394887830954,-0.005781961490657191,0.07716734949732636,0.07716734949732636,0.07716734949732636,0.07871517320157805,0.12687499821186066,-0.25311635491364326,-0.25311635491364326,-0.25311635491364326,-0.25311635491364326,-0.22206074834280998,-0.0315217524766922,0.38,1,1.0,0,0,0,0.8122878894455405,-0.23325989614003578,nan,0.09425270345399728,0.060081995540655436,-0.03417070791334184,10.121493339538574,-0.24088940024375916,-0.0752233679612607,-0.04815982501028261,-0.19053899586611778
43.1564359664917,1784883530.9204526,0.684091329574585,0.32645153999328613,4.4345855712890625e-05,1.0394957065582275,curve_pd,1,1,1,FOLLOW_MAIN,1.0,6.163200917002042,39.2,42.50073360208637,42.50073360208637,0.28500000000000003,0.3090651783958234,0.3090651783958234,0.01570394887830954,0.11563922981314381,0.58,0.72,0.01,0.05,-0.024650425489210096,-0.22252692844499286,-0.0001570394887830954,-0.005781961490657191,0.07716734949732636,0.07716734949732636,0.07716734949732636,0.07871517320157805,0.1014999970793724,-0.25311635491364326,-0.25311635491364326,-0.25311635491364326,-0.25311635491364326,-0.22206074834280998,0.0,0.38,1,1.0,0,0,0,0.8122878894455405,-0.23325989614003578,nan,0.09425270345399728,0.060081995540655436,-0.03417070791334184,10.289200782775879,-0.25664135813713074,-0.11638967015568105,-0.02278482387779436,-0.22206074834280998
43.482821464538574,1784883531.2468379,0.3192136287689209,3.6716461181640625e-05,0.3264296054840088,0.32295703887939453,curve_pd,1,1,1,FOLLOW_MAIN,1.0,5.858526932400788,27.0,32.579137840980266,32.579137840980266,0.196,0.23632945547110995,0.23632945547110995,-0.015973151288174246,-0.11714918296713042,0.58,0.72,0.01,0.05,-0.018895899947768552,-0.17015720793919917,0.00015973151288174245,0.005857459148356521,0.08089773510473151,0.08089773510473151,0.08089773510473151,0.08245894810011502,0.1014999970793724,-0.18303591722572946,-0.18303591722572946,-0.18303591722572946,-0.18303591722572946,-0.15760120262544547,0.0,0.38,1,1.0,0,0,0,0.8515551063655948,-0.22584191895520742,nan,0.09325265951746825,0.06854281069199478,-0.024709848825473474,10.289200782775879,-0.25664135813713074,-0.11638967015568105,-0.01904104897925739,-0.15760120262544547
43.82036232948303,1784883531.5843787,0.32985901832580566,3.147125244140625e-05,0.32622838020324707,0.3227989673614502,curve_pd,1,1,1,FOLLOW_MAIN,1.0,5.522966687687136,23.400000000000002,28.338970948375568,28.338970948375568,0.169,0.20567890931874422,0.20567890931874422,-0.01852544108391005,-0.13477921646538177,0.58,0.72,0.01,0.05,-0.01643660315005783,-0.14808881470949584,0.0001852544108391005,0.006738960823269089,0.08245894810011502,0.08245894810011502,0.08245894810011502,0.0954708740202606,0.07612499594688416,-0.15760120262544547,-0.15760120262544547,-0.16804294034599934,-0.16804294034599934,-0.11531244338497233,-0.09456521272659302,0.38,1,1.0,0,0,0,0.8679889273696317,-0.24616117430224815,nan,0.09380184657346997,0.07111604962676006,-0.022685796946709913,10.301523208618164,-0.2580980658531189,-0.12701170201601772,0.01934587807337644,-0.020747230658379315
44.15722441673279,1784883531.921241,0.6667211055755615,3.266334533691406e-05,0.3258485794067383,0.32967448234558105,curve_pd,1,1,1,FOLLOW_MAIN,1.0,5.522966687687136,23.400000000000002,28.338970948375568,28.338970948375568,0.169,0.20567890931874422,0.20567890931874422,-0.01852544108391005,-0.13477921646538177,0.58,0.72,0.01,0.05,-0.01643660315005783,-0.14808881470949584,0.0001852544108391005,0.006738960823269089,0.08245894810011502,0.08245894810011502,0.08245894810011502,0.11128291853811731,0.06162499636411667,-0.15760120262544547,-0.15760120262544547,-0.16804294034599934,-0.16804294034599934,-0.08127941079695451,-0.09456521272659302,0.38,1,1.0,0,0,0,0.8679889273696317,-0.24616117430224815,nan,0.09380184657346997,0.07111604962676006,-0.022685796946709913,10.312790870666504,-0.25957393646240234,-0.14816228937880746,0.04965792217400064,0.013285801929638505
44.486541748046875,1784883532.2505581,0.9960386753082275,0.3185122013092041,3.886222839355469e-05,0.3222219944000244,curve_pd,1,1,1,FOLLOW_MAIN,1.0,5.522966687687136,23.400000000000002,28.338970948375568,28.338970948375568,0.169,0.20567890931874422,0.20567890931874422,-0.01852544108391005,-0.13477921646538177,0.58,0.72,0.01,0.05,-0.01643660315005783,-0.14808881470949584,0.0001852544108391005,0.006738960823269089,0.08245894810011502,0.08245894810011502,0.08245894810011502,0.11128291853811731,0.09424999356269836,-0.15760120262544547,-0.15760120262544547,-0.16804294034599934,-0.16804294034599934,-0.08127941079695451,-0.06304347515106201,0.38,1,1.0,0,0,0,0.8679889273696317,-0.24616117430224815,nan,0.09380184657346997,0.07111604962676006,-0.022685796946709913,10.362629890441895,-0.2694898545742035,-0.2419409030964906,0.017032924975418945,-0.0182359356458925
44.825419902801514,1784883532.5894365,6.270408630371094e-05,0.3272287845611572,0.3237433433532715,0.3354973793029785,mid_pd_tracking,6,1,1,FOLLOW_MAIN,1.0,5.822945098605851,23.5,21.801551087268958,21.801551087268958,0.169,0.15624063991052997,0.15624063991052997,0.0057547999477483465,0.038551401957643186,0.42,0.52,0.01,0.05,-0.009156651456652962,-0.08124513275347559,-5.7547999477483466e-05,-0.0019275700978821594,0.11076575912824875,0.11076575912824875,0.11076575912824875,0.11247602829817821,0.10512500256299973,-0.0923869023074882,-0.0923869023074882,-0.0923869023074882,-0.0923869023074882,-0.07740180407675656,-0.09456521272659302,0.24,0,1.0,0,0,0,0.88612607302599,-0.5629316050390709,nan,0.11700187503400421,0.1045296432224933,-0.012472231811510914,10.371713638305664,-0.2717314660549164,-0.2503580211682231,0.007351025735178485,0.017163408649836454
45.170440435409546,1784883532.9344568,5.6743621826171875e-05,0.3417050838470459,0.3381466865539551,0.33477306365966797,mid_pd_tracking,6,1,1,FOLLOW_MAIN,1.0,4.228429478129566,23.5,23.495643455821074,23.495643455821074,0.169,0.16896727207070647,0.16896727207070647,0.0011831910654353144,0.00859934177404842,0.42,0.52,0.01,0.05,-0.009868170251444852,-0.08786298147676737,-1.1831910654353143e-05,-0.00042996708870242107,0.11109458540529701,0.11109458540529701,0.11109458540529701,0.11076575912824875,0.11237499862909317,-0.09817295072756899,-0.09817295072756899,-0.09817295072756899,-0.09817295072756899,-0.0923869023074882,-0.031521737575531006,0.24,0,1.0,0,0,0,0.8887566832423761,-0.24436651463861264,nan,0.11772125957940792,0.10446791123118611,-0.01325334834822181,10.388261795043945,-0.27596330642700195,-0.2551492830397836,-0.00160923950084442,-0.06086516473195719
45.49328422546387,1784883533.2573009,0.32290101051330566,3.7670135498046875e-05,0.6609909534454346,0.6576170921325684,mid_pd_tracking,6,1,1,FOLLOW_MAIN,1.0,4.228429478129566,23.5,23.495643455821074,23.495643455821074,0.169,0.16896727207070647,0.16896727207070647,0.0011831910654353144,0.00859934177404842,0.42,0.52,0.01,0.05,-0.009868170251444852,-0.08786298147676737,-1.1831910654353143e-05,-0.00042996708870242107,0.11109458540529701,0.11109458540529701,0.11109458540529701,0.11165083672231041,0.11237499862909317,-0.09817295072756899,-0.09817295072756899,-0.09817295072756899,-0.09817295072756899,-0.09798651223401343,-0.031521737575531006,0.24,0,1.0,0,0,0,0.8887566832423761,-0.24436651463861264,nan,0.11772125957940792,0.10446791123118611,-0.01325334834822181,10.388261795043945,-0.27596330642700195,-0.2551492830397836,-0.0007241619067827609,-0.06646477465848243
45.83815932273865,1784883533.602176,9.179115295410156e-05,0.3449132442474365,0.33427929878234863,0.33795833587646484,mid_pd_tracking,6,1,1,FOLLOW_MAIN,1.0,5.847075307046399,23.5,23.49990337537588,23.49990337537588,0.169,0.16899927412101512,0.16899927412101512,0.00020426126756241565,0.0014855818536728149,0.42,0.52,0.01,0.05,-0.00986995941765787,-0.08787962254292786,-2.0426126756241566e-06,-7.427909268364075e-05,0.11013460994400101,0.11013460994400101,0.11013460994400101,0.11165083672231041,0.11599999666213989,-0.09782590366594499,-0.09782590366594499,-0.09782590366594499,-0.09782590366594499,-0.09798651223401343,-0.0630435049533844,0.24,0,1.0,0,0,0,0.8810768795520081,0.49173885029221504,nan,0.11673785844145229,0.10353136144654973,-0.013206496994902561,10.483914375305176,-0.30346569418907166,-0.31195013313029524,-0.004349159939829483,-0.03494300728062903
46.170294761657715,1784883533.9343114,0.3322272300720215,4.1484832763671875e-05,0.6664144992828369,0.6700937747955322,mid_pd_tracking,6,1,1,FOLLOW_MAIN,1.0,5.847075307046399,23.5,23.49990337537588,23.49990337537588,0.169,0.16899927412101512,0.16899927412101512,0.00020426126756241565,0.0014855818536728149,0.42,0.52,0.01,0.05,-0.00986995941765787,-0.08787962254292786,-2.0426126756241566e-06,-7.427909268364075e-05,0.11013460994400101,0.11013460994400101,0.11013460994400101,0.12004878754102853,0.11599999666213989,-0.09782590366594499,-0.09782590366594499,-0.09782590366594499,-0.09782590366594499,-0.07142876900940696,-0.0630435049533844,0.24,0,1.0,0,0,0,0.8810768795520081,0.49173885029221504,nan,0.11673785844145229,0.10353136144654973,-0.013206496994902561,10.483914375305176,-0.30346569418907166,-0.31195013313029524,0.004048790878888639,-0.008385264056022565
46.50377678871155,1784883534.2677934,0.6657094955444336,0.3335237503051758,0.3297598361968994,4.363059997558594e-05,mid_pd_tracking,6,1,1,FOLLOW_MAIN,1.0,5.847075307046399,23.5,23.49990337537588,23.49990337537588,0.169,0.16899927412101512,0.16899927412101512,0.00020426126756241565,0.0014855818536728149,0.42,0.52,0.01,0.05,-0.00986995941765787,-0.08787962254292786,-2.0426126756241566e-06,-7.427909268364075e-05,0.11013460994400101,0.11013460994400101,0.11013460994400101,0.12004878754102853,0.10512500256299973,-0.09782590366594499,-0.09782590366594499,-0.09782590366594499,-0.09782590366594499,-0.07142876900940696,-0.09456521272659302,0.24,0,1.0,0,0,0,0.8810768795520081,0.49173885029221504,nan,0.11673785844145229,0.10353136144654973,-0.013206496994902561,10.614418983459473,-0.3543979525566101,-0.445130732715804,0.014923784978028806,0.023136443717186053
46.80827522277832,1784883534.5722919,0.30068349838256836,8.58306884765625e-05,0.6342592239379883,0.30454301834106445,center_cruise,4,1,1,FOLLOW_MAIN,1.0,5.722524532494177,6.6000000000000005,7.055733056996272,0.0,0.047,0.050289907257229996,0.050289907257229996,-0.019389127858984875,-0.1273831438360149,0.0,0.0,0.01,0.05,0.0,0.0,0.0,0.0,0.165,0.15166482402114656,0.15166482402114656,0.15475135458125028,0.10512500256299973,0.0,0.0,-0.0319087234092594,-0.0319087234092594,-0.028050560209129757,-0.09456521272659302,0.012,0,0.0,1,1,0,0.9602856122704021,-0.22645896729611206,nan,0.15381866285127158,0.14951098519102154,-0.004307677660250031,10.614418983459473,-0.3543979525566101,-0.445130732715804,0.04962635201825055,0.06651465251746326
47.19798684120178,1784883534.9620035,8.392333984375e-05,0.36545348167419434,0.3708155155181885,0.6942539215087891,center_cruise,4,1,1,FOLLOW_MAIN,1.0,5.1721866777506955,6.6000000000000005,6.606090618023086,0.0,0.047,0.047043967774835625,0.047043967774835625,-0.0025882248104127574,-0.01968015031481651,0.0,0.0,0.01,0.05,0.0,0.0,0.0,0.0,0.165,0.165,0.165,0.165,0.07974999397993088,0.0,0.0,0.0,0.0,-0.00010045180931133463,-0.12608693540096283,0.012,0,0.0,1,1,0,0.968004426298813,-0.057719239557084585,nan,0.165,0.165,0.0,10.658994674682617,-0.3765498995780945,-0.49134199230942516,0.08525000602006913,0.1259864835916515
47.52756881713867,1784883535.2915854,0.3296661376953125,3.790855407714844e-05,0.700397253036499,1.0238354206085205,center_cruise,4,1,1,FOLLOW_MAIN,1.0,5.1721866777506955,6.6000000000000005,6.606090618023086,0.0,0.047,0.047043967774835625,0.047043967774835625,-0.0025882248104127574,-0.01968015031481651,0.0,0.0,0.01,0.05,0.0,0.0,0.0,0.0,0.165,0.165,0.165,0.165,0.07974999397993088,0.0,0.0,0.0,0.0,0.0,-0.12608693540096283,0.012,0,0.0,1,1,0,0.968004426298813,-0.057719239557084585,nan,0.165,0.165,0.0,10.658994674682617,-0.3765498995780945,-0.49134199230942516,0.08525000602006913,0.12608693540096283
47.861286878585815,1784883535.6253033,0.6633834838867188,0.3337554931640625,0.32883667945861816,4.8160552978515625e-05,center_cruise,4,1,1,FOLLOW_MAIN,1.0,5.1721866777506955,6.6000000000000005,6.606090618023086,0.0,0.047,0.047043967774835625,0.047043967774835625,-0.0025882248104127574,-0.01968015031481651,0.0,0.0,0.01,0.05,0.0,0.0,0.0,0.0,0.165,0.165,0.165,0.165,0.1522499918937683,0.0,0.0,0.0,0.0,0.0,-0.12608695030212402,0.012,0,0.0,1,1,0,0.968004426298813,-0.057719239557084585,nan,0.165,0.165,0.0,10.698643684387207,-0.3987070322036743,-0.536073167557787,0.012750008106231697,0.12608695030212402
